
FEMALE_FIRST,Abby
FEMALE_FIRST,Abigail
FEMALE_FIRST,Ada
FEMALE_FIRST,Addie
FEMALE_FIRST,Adela
FEMALE_FIRST,Adele
FEMALE_FIRST,Adeline
FEMALE_FIRST,Adrian
FEMALE_FIRST,Adriana
FEMALE_FIRST,Adrienne
FEMALE_FIRST,Agnes
FEMALE_FIRST,Agripina
FEMALE_FIRST,Aida
FEMALE_FIRST,Aileen
FEMALE_FIRST,Aimee
FEMALE_FIRST,Aisha
FEMALE_FIRST,Alana
FEMALE_FIRST,Alba
FEMALE_FIRST,Alberta
FEMALE_FIRST,Alease
FEMALE_FIRST,Alejandra
FEMALE_FIRST,Alethia
FEMALE_FIRST,Alexandra
FEMALE_FIRST,Alexandria
FEMALE_FIRST,Alexis
FEMALE_FIRST,Alfreda
FEMALE_FIRST,Alice
FEMALE_FIRST,Alicia
FEMALE_FIRST,Aline
FEMALE_FIRST,Alisa
FEMALE_FIRST,Alisha
FEMALE_FIRST,Alison
FEMALE_FIRST,Alissa
FEMALE_FIRST,Allie
FEMALE_FIRST,Allison
FEMALE_FIRST,Allyson
FEMALE_FIRST,Alma
FEMALE_FIRST,Alta
FEMALE_FIRST,Althea
FEMALE_FIRST,Alyce
FEMALE_FIRST,Alyson
FEMALE_FIRST,Alyssa
FEMALE_FIRST,Amalia
FEMALE_FIRST,Amanda
FEMALE_FIRST,Amber
FEMALE_FIRST,Amelia
FEMALE_FIRST,Amie
FEMALE_FIRST,Amparo
FEMALE_FIRST,Amy
FEMALE_FIRST,Ana
FEMALE_FIRST,Anastasia
FEMALE_FIRST,Andera
FEMALE_FIRST,Andrea
FEMALE_FIRST,Angel
FEMALE_FIRST,Angela
FEMALE_FIRST,Angelia
FEMALE_FIRST,Angelica
FEMALE_FIRST,Angelina
FEMALE_FIRST,Angeline
FEMALE_FIRST,Angelique
FEMALE_FIRST,Angelita
FEMALE_FIRST,Angie
FEMALE_FIRST,Anita
FEMALE_FIRST,Ann
FEMALE_FIRST,Anna
FEMALE_FIRST,Annabelle
FEMALE_FIRST,Anne
FEMALE_FIRST,Annette
FEMALE_FIRST,Annie
FEMALE_FIRST,Annmarie
FEMALE_FIRST,Antoinette
FEMALE_FIRST,Antonia
FEMALE_FIRST,April
FEMALE_FIRST,Araceli
FEMALE_FIRST,Arlene
FEMALE_FIRST,Arline
FEMALE_FIRST,Ashlee
FEMALE_FIRST,Ashley
FEMALE_FIRST,Athena
FEMALE_FIRST,Audra
FEMALE_FIRST,Audrey
FEMALE_FIRST,Augusta
FEMALE_FIRST,Aurelia
FEMALE_FIRST,Aurora
FEMALE_FIRST,Autumn
FEMALE_FIRST,Ava
FEMALE_FIRST,Avis
FEMALE_FIRST,Barbara
FEMALE_FIRST,Barbra
FEMALE_FIRST,Beatrice
FEMALE_FIRST,Beatriz
FEMALE_FIRST,Becky
FEMALE_FIRST,Belinda
FEMALE_FIRST,Benita
FEMALE_FIRST,Berna
FEMALE_FIRST,Bernadette
FEMALE_FIRST,Bernadine
FEMALE_FIRST,Bernice
FEMALE_FIRST,Berta
FEMALE_FIRST,Bertha
FEMALE_FIRST,Bertie
FEMALE_FIRST,Beryl
FEMALE_FIRST,Bessie
FEMALE_FIRST,Beth
FEMALE_FIRST,Bethany
FEMALE_FIRST,Betsy
FEMALE_FIRST,Bette
FEMALE_FIRST,Bettie
FEMALE_FIRST,Bettina
FEMALE_FIRST,Betty
FEMALE_FIRST,Bettye
FEMALE_FIRST,Beulah
FEMALE_FIRST,Beverley
FEMALE_FIRST,Beverly
FEMALE_FIRST,Bianca
FEMALE_FIRST,Billie
FEMALE_FIRST,Blanca
FEMALE_FIRST,Blanche
FEMALE_FIRST,Bobbi
FEMALE_FIRST,Bobbie
FEMALE_FIRST,Bonita
FEMALE_FIRST,Bonnie
FEMALE_FIRST,Brandi
FEMALE_FIRST,Brandie
FEMALE_FIRST,Brandy
FEMALE_FIRST,Brenda
FEMALE_FIRST,Brenna
FEMALE_FIRST,Briana
FEMALE_FIRST,Brianna
FEMALE_FIRST,Bridget
FEMALE_FIRST,Bridgett
FEMALE_FIRST,Bridgette
FEMALE_FIRST,Brigida
FEMALE_FIRST,Brigitte
FEMALE_FIRST,Britney
FEMALE_FIRST,Brittany
FEMALE_FIRST,Brittney
FEMALE_FIRST,Brooke
FEMALE_FIRST,Buffy
FEMALE_FIRST,Caitlin
FEMALE_FIRST,Callie
FEMALE_FIRST,Camille
FEMALE_FIRST,Candace
FEMALE_FIRST,Candice
FEMALE_FIRST,Candy
FEMALE_FIRST,Cara
FEMALE_FIRST,Carey
FEMALE_FIRST,Carissa
FEMALE_FIRST,Carla
FEMALE_FIRST,Carlene
FEMALE_FIRST,Carly
FEMALE_FIRST,Carmela
FEMALE_FIRST,Carmella
FEMALE_FIRST,Carmen
FEMALE_FIRST,Carol
FEMALE_FIRST,Carole
FEMALE_FIRST,Carolina
FEMALE_FIRST,Caroline
FEMALE_FIRST,Carolyn
FEMALE_FIRST,Carrie
FEMALE_FIRST,Carylon
FEMALE_FIRST,Casandra
FEMALE_FIRST,Casey
FEMALE_FIRST,Cassandra
FEMALE_FIRST,Cassie
FEMALE_FIRST,Catalina
FEMALE_FIRST,Catherine
FEMALE_FIRST,Cathleen
FEMALE_FIRST,Cathryn
FEMALE_FIRST,Cathy
FEMALE_FIRST,Cecelia
FEMALE_FIRST,Cecile
FEMALE_FIRST,Cecilia
FEMALE_FIRST,Cecily
FEMALE_FIRST,Celeste
FEMALE_FIRST,Celia
FEMALE_FIRST,Celina
FEMALE_FIRST,Chandra
FEMALE_FIRST,Charity
FEMALE_FIRST,Charlene
FEMALE_FIRST,Charlotte
FEMALE_FIRST,Charmaine
FEMALE_FIRST,Chasidy
FEMALE_FIRST,Chasity
FEMALE_FIRST,Chelsea
FEMALE_FIRST,Cheri
FEMALE_FIRST,Cherie
FEMALE_FIRST,Cherry
FEMALE_FIRST,Cheryl
FEMALE_FIRST,Chris
FEMALE_FIRST,Christa
FEMALE_FIRST,Christi
FEMALE_FIRST,Christian
FEMALE_FIRST,Christie
FEMALE_FIRST,Christina
FEMALE_FIRST,Christine
FEMALE_FIRST,Christy
FEMALE_FIRST,Chrystal
FEMALE_FIRST,Cindy
FEMALE_FIRST,Claire
FEMALE_FIRST,Clara
FEMALE_FIRST,Clare
FEMALE_FIRST,Clarice
FEMALE_FIRST,Clarissa
FEMALE_FIRST,Claudette
FEMALE_FIRST,Claudia
FEMALE_FIRST,Claudine
FEMALE_FIRST,Cleo
FEMALE_FIRST,Coleen
FEMALE_FIRST,Colette
FEMALE_FIRST,Colleen
FEMALE_FIRST,Concepcion
FEMALE_FIRST,Concetta
FEMALE_FIRST,Connie
FEMALE_FIRST,Constance
FEMALE_FIRST,Consuelo
FEMALE_FIRST,Cora
FEMALE_FIRST,Cordelia
FEMALE_FIRST,Corina
FEMALE_FIRST,Corine
FEMALE_FIRST,Corinne
FEMALE_FIRST,Cornelia
FEMALE_FIRST,Corrine
FEMALE_FIRST,Courtney
FEMALE_FIRST,Cristina
FEMALE_FIRST,Crystal
FEMALE_FIRST,Cynthia
FEMALE_FIRST,Cythia
FEMALE_FIRST,Daine
FEMALE_FIRST,Daisy
FEMALE_FIRST,Dale
FEMALE_FIRST,Dana
FEMALE_FIRST,Danielle
FEMALE_FIRST,Dannette
FEMALE_FIRST,Daphne
FEMALE_FIRST,Darcel
FEMALE_FIRST,Darcy
FEMALE_FIRST,Darla
FEMALE_FIRST,Darlene
FEMALE_FIRST,Dawn
FEMALE_FIRST,Deana
FEMALE_FIRST,Deann
FEMALE_FIRST,Deanna
FEMALE_FIRST,Deanne
FEMALE_FIRST,Debbie
FEMALE_FIRST,Debora
FEMALE_FIRST,Deborah
FEMALE_FIRST,Debra
FEMALE_FIRST,Dee
FEMALE_FIRST,Deeanna
FEMALE_FIRST,Deena
FEMALE_FIRST,Deidre
FEMALE_FIRST,Deirdre
FEMALE_FIRST,Delia
FEMALE_FIRST,Della
FEMALE_FIRST,Delores
FEMALE_FIRST,Deloris
FEMALE_FIRST,Dena
FEMALE_FIRST,Denise
FEMALE_FIRST,Desiree
FEMALE_FIRST,Diana
FEMALE_FIRST,Diane
FEMALE_FIRST,Diann
FEMALE_FIRST,Dianna
FEMALE_FIRST,Dianne
FEMALE_FIRST,Dina
FEMALE_FIRST,Dionne
FEMALE_FIRST,Dixie
FEMALE_FIRST,Dollie
FEMALE_FIRST,Dolly
FEMALE_FIRST,Dolores
FEMALE_FIRST,Domenica
FEMALE_FIRST,Dominique
FEMALE_FIRST,Dona
FEMALE_FIRST,Donna
FEMALE_FIRST,Dora
FEMALE_FIRST,Doreen
FEMALE_FIRST,Doris
FEMALE_FIRST,Dorothea
FEMALE_FIRST,Dorothy
FEMALE_FIRST,Dorthy
FEMALE_FIRST,Earlene
FEMALE_FIRST,Earline
FEMALE_FIRST,Earnestine
FEMALE_FIRST,Ebony
FEMALE_FIRST,Eddie
FEMALE_FIRST,Edith
FEMALE_FIRST,Edna
FEMALE_FIRST,Edwina
FEMALE_FIRST,Effie
FEMALE_FIRST,Eileen
FEMALE_FIRST,Elaine
FEMALE_FIRST,Elba
FEMALE_FIRST,Eleanor
FEMALE_FIRST,Elena
FEMALE_FIRST,Elinor
FEMALE_FIRST,Elisa
FEMALE_FIRST,Elisabeth
FEMALE_FIRST,Elise
FEMALE_FIRST,Eliza
FEMALE_FIRST,Elizabeth
FEMALE_FIRST,Ella
FEMALE_FIRST,Ellen
FEMALE_FIRST,Elma
FEMALE_FIRST,Elnora
FEMALE_FIRST,Eloise
FEMALE_FIRST,Elsa
FEMALE_FIRST,Elsie
FEMALE_FIRST,Elva
FEMALE_FIRST,Elvia
FEMALE_FIRST,Elvira
FEMALE_FIRST,Emilia
FEMALE_FIRST,Emily
FEMALE_FIRST,Emma
FEMALE_FIRST,Enid
FEMALE_FIRST,Erica
FEMALE_FIRST,Ericka
FEMALE_FIRST,Erika
FEMALE_FIRST,Erin
FEMALE_FIRST,Erma
FEMALE_FIRST,Erna
FEMALE_FIRST,Ernestine
FEMALE_FIRST,Esmeralda
FEMALE_FIRST,Esperanza
FEMALE_FIRST,Essie
FEMALE_FIRST,Estela
FEMALE_FIRST,Estella
FEMALE_FIRST,Estelle
FEMALE_FIRST,Ester
FEMALE_FIRST,Esther
FEMALE_FIRST,Ethel
FEMALE_FIRST,Etta
FEMALE_FIRST,Eugenia
FEMALE_FIRST,Eula
FEMALE_FIRST,Eunice
FEMALE_FIRST,Eva
FEMALE_FIRST,Evangelina
FEMALE_FIRST,Evangeline
FEMALE_FIRST,Eve
FEMALE_FIRST,Evelyn
FEMALE_FIRST,Faith
FEMALE_FIRST,Fannie
FEMALE_FIRST,Fanny
FEMALE_FIRST,Fay
FEMALE_FIRST,Faye
FEMALE_FIRST,Felecia
FEMALE_FIRST,Felicia
FEMALE_FIRST,Fern
FEMALE_FIRST,Flora
FEMALE_FIRST,Florence
FEMALE_FIRST,Floria
FEMALE_FIRST,Florine
FEMALE_FIRST,Flossie
FEMALE_FIRST,Fran
FEMALE_FIRST,Frances
FEMALE_FIRST,Francesca
FEMALE_FIRST,Francine
FEMALE_FIRST,Francis
FEMALE_FIRST,Francisca
FEMALE_FIRST,Frankie
FEMALE_FIRST,Freda
FEMALE_FIRST,Freida
FEMALE_FIRST,Frieda
FEMALE_FIRST,Gabriela
FEMALE_FIRST,Gabrielle
FEMALE_FIRST,Gail
FEMALE_FIRST,Gale
FEMALE_FIRST,Galina
FEMALE_FIRST,Gay
FEMALE_FIRST,Gayle
FEMALE_FIRST,Gena
FEMALE_FIRST,Geneva
FEMALE_FIRST,Genevieve
FEMALE_FIRST,Georgette
FEMALE_FIRST,Georgia
FEMALE_FIRST,Georgiann
FEMALE_FIRST,Georgina
FEMALE_FIRST,Geraldine
FEMALE_FIRST,Gertrude
FEMALE_FIRST,Gianna
FEMALE_FIRST,Gilda
FEMALE_FIRST,Gina
FEMALE_FIRST,Ginger
FEMALE_FIRST,Gladys
FEMALE_FIRST,Glenda
FEMALE_FIRST,Glenna
FEMALE_FIRST,Gloria
FEMALE_FIRST,Goldie
FEMALE_FIRST,Grace
FEMALE_FIRST,Gracie
FEMALE_FIRST,Graciela
FEMALE_FIRST,Greta
FEMALE_FIRST,Gretchen
FEMALE_FIRST,Griselda
FEMALE_FIRST,Guadalupe
FEMALE_FIRST,Gwen
FEMALE_FIRST,Gwendolyn
FEMALE_FIRST,Haley
FEMALE_FIRST,Hallie
FEMALE_FIRST,Hannah
FEMALE_FIRST,Harriet
FEMALE_FIRST,Harriett
FEMALE_FIRST,Hattie
FEMALE_FIRST,Hazel
FEMALE_FIRST,Heather
FEMALE_FIRST,Heidi
FEMALE_FIRST,Helen
FEMALE_FIRST,Helena
FEMALE_FIRST,Helene
FEMALE_FIRST,Helga
FEMALE_FIRST,Henrietta
FEMALE_FIRST,Herminia
FEMALE_FIRST,Hester
FEMALE_FIRST,Hilary
FEMALE_FIRST,Hilda
FEMALE_FIRST,Hillary
FEMALE_FIRST,Hollie
FEMALE_FIRST,Holly
FEMALE_FIRST,Hope
FEMALE_FIRST,Hyon
FEMALE_FIRST,Ida
FEMALE_FIRST,Ila
FEMALE_FIRST,Ilene
FEMALE_FIRST,Imelda
FEMALE_FIRST,Imogene
FEMALE_FIRST,Ina
FEMALE_FIRST,Ines
FEMALE_FIRST,Inez
FEMALE_FIRST,Ingrid
FEMALE_FIRST,Irene
FEMALE_FIRST,Iris
FEMALE_FIRST,Irma
FEMALE_FIRST,Isabel
FEMALE_FIRST,Isabella
FEMALE_FIRST,Isabelle
FEMALE_FIRST,Iva
FEMALE_FIRST,Ivy
FEMALE_FIRST,Ja
FEMALE_FIRST,Jackie
FEMALE_FIRST,Jacklyn
FEMALE_FIRST,Jaclyn
FEMALE_FIRST,Jacqueline
FEMALE_FIRST,Jacquelyn
FEMALE_FIRST,Jaime
FEMALE_FIRST,James
FEMALE_FIRST,Jami
FEMALE_FIRST,Jamie
FEMALE_FIRST,Jan
FEMALE_FIRST,Jana
FEMALE_FIRST,Jane
FEMALE_FIRST,Janell
FEMALE_FIRST,Janelle
FEMALE_FIRST,Janet
FEMALE_FIRST,Janette
FEMALE_FIRST,Janice
FEMALE_FIRST,Janie
FEMALE_FIRST,Janine
FEMALE_FIRST,Janis
FEMALE_FIRST,Janna
FEMALE_FIRST,Jannie
FEMALE_FIRST,Jasmine
FEMALE_FIRST,Jayne
FEMALE_FIRST,Jean
FEMALE_FIRST,Jeanelle
FEMALE_FIRST,Jeanette
FEMALE_FIRST,Jeanie
FEMALE_FIRST,Jeanine
FEMALE_FIRST,Jeanne
FEMALE_FIRST,Jeannette
FEMALE_FIRST,Jeannie
FEMALE_FIRST,Jeannine
FEMALE_FIRST,Jenifer
FEMALE_FIRST,Jenna
FEMALE_FIRST,Jennie
FEMALE_FIRST,Jennifer
FEMALE_FIRST,Jenny
FEMALE_FIRST,Jeri
FEMALE_FIRST,Jerri
FEMALE_FIRST,Jerry
FEMALE_FIRST,Jessica
FEMALE_FIRST,Jessie
FEMALE_FIRST,Jewel
FEMALE_FIRST,Jewell
FEMALE_FIRST,Jill
FEMALE_FIRST,Jillian
FEMALE_FIRST,Jimmie
FEMALE_FIRST,Jina
FEMALE_FIRST,Jo
FEMALE_FIRST,Joan
FEMALE_FIRST,Joann
FEMALE_FIRST,Joanna
FEMALE_FIRST,Joanne
FEMALE_FIRST,Jocelyn
FEMALE_FIRST,Jodi
FEMALE_FIRST,Jodie
FEMALE_FIRST,Jody
FEMALE_FIRST,Johanna
FEMALE_FIRST,John
FEMALE_FIRST,Johnnie
FEMALE_FIRST,Jolene
FEMALE_FIRST,Joni
FEMALE_FIRST,Jonnie
FEMALE_FIRST,Jordan
FEMALE_FIRST,Josefa
FEMALE_FIRST,Josefina
FEMALE_FIRST,Josephine
FEMALE_FIRST,Josie
FEMALE_FIRST,Joy
FEMALE_FIRST,Joyce
FEMALE_FIRST,Juana
FEMALE_FIRST,Juanita
FEMALE_FIRST,Judith
FEMALE_FIRST,Judy
FEMALE_FIRST,Julia
FEMALE_FIRST,Juliana
FEMALE_FIRST,Julianne
FEMALE_FIRST,Julie
FEMALE_FIRST,Juliet
FEMALE_FIRST,Juliette
FEMALE_FIRST,June
FEMALE_FIRST,Justine
FEMALE_FIRST,Kacie
FEMALE_FIRST,Kaitlin
FEMALE_FIRST,Kandra
FEMALE_FIRST,Kara
FEMALE_FIRST,Karen
FEMALE_FIRST,Kari
FEMALE_FIRST,Karin
FEMALE_FIRST,Karina
FEMALE_FIRST,Karla
FEMALE_FIRST,Karyn
FEMALE_FIRST,Kasey
FEMALE_FIRST,Kate
FEMALE_FIRST,Katelyn
FEMALE_FIRST,Katharine
FEMALE_FIRST,Katherine
FEMALE_FIRST,Katheryn
FEMALE_FIRST,Kathie
FEMALE_FIRST,Kathleen
FEMALE_FIRST,Kathrine
FEMALE_FIRST,Kathryn
FEMALE_FIRST,Kathy
FEMALE_FIRST,Katie
FEMALE_FIRST,Katina
FEMALE_FIRST,Katrina
FEMALE_FIRST,Katy
FEMALE_FIRST,Kay
FEMALE_FIRST,Kaye
FEMALE_FIRST,Kayla
FEMALE_FIRST,Keisha
FEMALE_FIRST,Kelley
FEMALE_FIRST,Kelli
FEMALE_FIRST,Kellie
FEMALE_FIRST,Kelly
FEMALE_FIRST,Kelsey
FEMALE_FIRST,Kendra
FEMALE_FIRST,Kenya
FEMALE_FIRST,Keri
FEMALE_FIRST,Kerri
FEMALE_FIRST,Kerry
FEMALE_FIRST,Kim
FEMALE_FIRST,Kimberley
FEMALE_FIRST,Kimberly
FEMALE_FIRST,Kirsten
FEMALE_FIRST,Kitty
FEMALE_FIRST,Kris
FEMALE_FIRST,Krista
FEMALE_FIRST,Kristen
FEMALE_FIRST,Kristi
FEMALE_FIRST,Kristie
FEMALE_FIRST,Kristin
FEMALE_FIRST,Kristina
FEMALE_FIRST,Kristine
FEMALE_FIRST,Kristy
FEMALE_FIRST,Krystal
FEMALE_FIRST,Kyung
FEMALE_FIRST,Lacey
FEMALE_FIRST,Lacresha
FEMALE_FIRST,Lacy
FEMALE_FIRST,Ladonna
FEMALE_FIRST,Lakeisha
FEMALE_FIRST,Lakisha
FEMALE_FIRST,Lana
FEMALE_FIRST,Lara
FEMALE_FIRST,Latasha
FEMALE_FIRST,Latisha
FEMALE_FIRST,Latonya
FEMALE_FIRST,Latoya
FEMALE_FIRST,Latrisha
FEMALE_FIRST,Laura
FEMALE_FIRST,Laurel
FEMALE_FIRST,Lauren
FEMALE_FIRST,Lauri
FEMALE_FIRST,Laurie
FEMALE_FIRST,Laverne
FEMALE_FIRST,Lavonne
FEMALE_FIRST,Lawanda
FEMALE_FIRST,Lea
FEMALE_FIRST,Leah
FEMALE_FIRST,Leann
FEMALE_FIRST,Leanna
FEMALE_FIRST,Leanne
FEMALE_FIRST,Lee
FEMALE_FIRST,Leigh
FEMALE_FIRST,Leila
FEMALE_FIRST,Lela
FEMALE_FIRST,Lelia
FEMALE_FIRST,Lena
FEMALE_FIRST,Lenora
FEMALE_FIRST,Lenore
FEMALE_FIRST,Leola
FEMALE_FIRST,Leona
FEMALE_FIRST,Leonor
FEMALE_FIRST,Lesa
FEMALE_FIRST,Lesley
FEMALE_FIRST,Leslie
FEMALE_FIRST,Lessie
FEMALE_FIRST,Leta
FEMALE_FIRST,Letha
FEMALE_FIRST,Leticia
FEMALE_FIRST,Letitia
FEMALE_FIRST,Lidia
FEMALE_FIRST,Lila
FEMALE_FIRST,Lilia
FEMALE_FIRST,Lilian
FEMALE_FIRST,Liliana
FEMALE_FIRST,Lillian
FEMALE_FIRST,Lillie
FEMALE_FIRST,Lilly
FEMALE_FIRST,Lily
FEMALE_FIRST,Lina
FEMALE_FIRST,Linda
FEMALE_FIRST,Lindsay
FEMALE_FIRST,Lindsey
FEMALE_FIRST,Lisa
FEMALE_FIRST,Lisandra
FEMALE_FIRST,Lissette
FEMALE_FIRST,Liz
FEMALE_FIRST,Liza
FEMALE_FIRST,Lizzie
FEMALE_FIRST,Lois
FEMALE_FIRST,Lola
FEMALE_FIRST,Lolita
FEMALE_FIRST,Lora
FEMALE_FIRST,Loraine
FEMALE_FIRST,Lorena
FEMALE_FIRST,Lorene
FEMALE_FIRST,Loretta
FEMALE_FIRST,Lori
FEMALE_FIRST,Lorie
FEMALE_FIRST,Lorna
FEMALE_FIRST,Lorraine
FEMALE_FIRST,Lorrie
FEMALE_FIRST,Lottie
FEMALE_FIRST,Lou
FEMALE_FIRST,Louella
FEMALE_FIRST,Louisa
FEMALE_FIRST,Louise
FEMALE_FIRST,Loura
FEMALE_FIRST,Lourdes
FEMALE_FIRST,Luann
FEMALE_FIRST,Lucia
FEMALE_FIRST,Lucile
FEMALE_FIRST,Lucille
FEMALE_FIRST,Lucinda
FEMALE_FIRST,Lucy
FEMALE_FIRST,Luella
FEMALE_FIRST,Luisa
FEMALE_FIRST,Lula
FEMALE_FIRST,Lupe
FEMALE_FIRST,Luz
FEMALE_FIRST,Lydia
FEMALE_FIRST,Lynda
FEMALE_FIRST,Lynette
FEMALE_FIRST,Lynn
FEMALE_FIRST,Lynne
FEMALE_FIRST,Lynnette
FEMALE_FIRST,Mabel
FEMALE_FIRST,Mable
FEMALE_FIRST,Machelle
FEMALE_FIRST,Madeleine
FEMALE_FIRST,Madeline
FEMALE_FIRST,Madelyn
FEMALE_FIRST,Madge
FEMALE_FIRST,Mae
FEMALE_FIRST,Magdalena
FEMALE_FIRST,Maggie
FEMALE_FIRST,Mai
FEMALE_FIRST,Malinda
FEMALE_FIRST,Mallory
FEMALE_FIRST,Mamie
FEMALE_FIRST,Mandie
FEMALE_FIRST,Mandy
FEMALE_FIRST,Manuela
FEMALE_FIRST,Mara
FEMALE_FIRST,Marcella
FEMALE_FIRST,Marchelle
FEMALE_FIRST,Marci
FEMALE_FIRST,Marcia
FEMALE_FIRST,Marcie
FEMALE_FIRST,Marcy
FEMALE_FIRST,Margaret
FEMALE_FIRST,Margarita
FEMALE_FIRST,Margery
FEMALE_FIRST,Margie
FEMALE_FIRST,Margo
FEMALE_FIRST,Margret
FEMALE_FIRST,Margrett
FEMALE_FIRST,Marguerite
FEMALE_FIRST,Mari
FEMALE_FIRST,Maria
FEMALE_FIRST,Marian
FEMALE_FIRST,Mariana
FEMALE_FIRST,Marianne
FEMALE_FIRST,Maribel
FEMALE_FIRST,Maricela
FEMALE_FIRST,Marie
FEMALE_FIRST,Mariela
FEMALE_FIRST,Marietta
FEMALE_FIRST,Marilyn
FEMALE_FIRST,Marina
FEMALE_FIRST,Marion
FEMALE_FIRST,Marisa
FEMALE_FIRST,Marisol
FEMALE_FIRST,Marissa
FEMALE_FIRST,Maritza
FEMALE_FIRST,Marjorie
FEMALE_FIRST,Marla
FEMALE_FIRST,Marlene
FEMALE_FIRST,Marquita
FEMALE_FIRST,Marsha
FEMALE_FIRST,Marta
FEMALE_FIRST,Marth
FEMALE_FIRST,Martha
FEMALE_FIRST,Martina
FEMALE_FIRST,Marva
FEMALE_FIRST,Mary
FEMALE_FIRST,Maryann
FEMALE_FIRST,Maryanne
FEMALE_FIRST,Maryellen
FEMALE_FIRST,Marylou
FEMALE_FIRST,Matilda
FEMALE_FIRST,Mattie
FEMALE_FIRST,Maude
FEMALE_FIRST,Maura
FEMALE_FIRST,Maureen
FEMALE_FIRST,Mavis
FEMALE_FIRST,Maxine
FEMALE_FIRST,May
FEMALE_FIRST,Mayra
FEMALE_FIRST,Meagan
FEMALE_FIRST,Meaghan
FEMALE_FIRST,Megan
FEMALE_FIRST,Meghan
FEMALE_FIRST,Melanie
FEMALE_FIRST,Melba
FEMALE_FIRST,Melinda
FEMALE_FIRST,Melisa
FEMALE_FIRST,Melissa
FEMALE_FIRST,Melody
FEMALE_FIRST,Melva
FEMALE_FIRST,Mercedes
FEMALE_FIRST,Meredith
FEMALE_FIRST,Merle
FEMALE_FIRST,Mia
FEMALE_FIRST,Michael
FEMALE_FIRST,Michele
FEMALE_FIRST,Michelle
FEMALE_FIRST,Milagros
FEMALE_FIRST,Mildred
FEMALE_FIRST,Millicent
FEMALE_FIRST,Millie
FEMALE_FIRST,Milly
FEMALE_FIRST,Mindy
FEMALE_FIRST,Minerva
FEMALE_FIRST,Minnie
FEMALE_FIRST,Miranda
FEMALE_FIRST,Miriam
FEMALE_FIRST,Mirna
FEMALE_FIRST,Misty
FEMALE_FIRST,Mitzi
FEMALE_FIRST,Mollie
FEMALE_FIRST,Molly
FEMALE_FIRST,Mona
FEMALE_FIRST,Monet
FEMALE_FIRST,Monica
FEMALE_FIRST,Monique
FEMALE_FIRST,Monnie
FEMALE_FIRST,Morgan
FEMALE_FIRST,Muriel
FEMALE_FIRST,Myra
FEMALE_FIRST,Myrna
FEMALE_FIRST,Myrtle
FEMALE_FIRST,Nadia
FEMALE_FIRST,Nadine
FEMALE_FIRST,Nancy
FEMALE_FIRST,Nanette
FEMALE_FIRST,Nannie
FEMALE_FIRST,Naomi
FEMALE_FIRST,Natalia
FEMALE_FIRST,Natalie
FEMALE_FIRST,Natasha
FEMALE_FIRST,Nelda
FEMALE_FIRST,Nelida
FEMALE_FIRST,Nell
FEMALE_FIRST,Nellie
FEMALE_FIRST,Nettie
FEMALE_FIRST,Neva
FEMALE_FIRST,Nichole
FEMALE_FIRST,Nicholle
FEMALE_FIRST,Nicole
FEMALE_FIRST,Nikki
FEMALE_FIRST,Nina
FEMALE_FIRST,Nisha
FEMALE_FIRST,Nita
FEMALE_FIRST,Noelle
FEMALE_FIRST,Noemi
FEMALE_FIRST,Nola
FEMALE_FIRST,Nona
FEMALE_FIRST,Nora
FEMALE_FIRST,Noreen
FEMALE_FIRST,Norma
FEMALE_FIRST,Nu
FEMALE_FIRST,Odessa
FEMALE_FIRST,Ofelia
FEMALE_FIRST,Ola
FEMALE_FIRST,Olga
FEMALE_FIRST,Olive
FEMALE_FIRST,Olivia
FEMALE_FIRST,Ollie
FEMALE_FIRST,Opal
FEMALE_FIRST,Ophelia
FEMALE_FIRST,Ora
FEMALE_FIRST,Paige
FEMALE_FIRST,Pam
FEMALE_FIRST,Pamela
FEMALE_FIRST,Pamula
FEMALE_FIRST,Pansy
FEMALE_FIRST,Pat
FEMALE_FIRST,Patrica
FEMALE_FIRST,Patrice
FEMALE_FIRST,Patricia
FEMALE_FIRST,Patsy
FEMALE_FIRST,Patti
FEMALE_FIRST,Patty
FEMALE_FIRST,Paula
FEMALE_FIRST,Paulette
FEMALE_FIRST,Pauline
FEMALE_FIRST,Pearl
FEMALE_FIRST,Pearlie
FEMALE_FIRST,Peggy
FEMALE_FIRST,Penelope
FEMALE_FIRST,Penny
FEMALE_FIRST,Petra
FEMALE_FIRST,Phoebe
FEMALE_FIRST,Phyllis
FEMALE_FIRST,Polly
FEMALE_FIRST,Priscilla
FEMALE_FIRST,Queen
FEMALE_FIRST,Rachael
FEMALE_FIRST,Rachel
FEMALE_FIRST,Rachelle
FEMALE_FIRST,Rae
FEMALE_FIRST,Ramona
FEMALE_FIRST,Randi
FEMALE_FIRST,Raquel
FEMALE_FIRST,Reba
FEMALE_FIRST,Rebecca
FEMALE_FIRST,Rebekah
FEMALE_FIRST,Regina
FEMALE_FIRST,Rena
FEMALE_FIRST,Rene
FEMALE_FIRST,Renee
FEMALE_FIRST,Ressie
FEMALE_FIRST,Reva
FEMALE_FIRST,Reyna
FEMALE_FIRST,Rhea
FEMALE_FIRST,Rhoda
FEMALE_FIRST,Rhonda
FEMALE_FIRST,Rita
FEMALE_FIRST,Robbie
FEMALE_FIRST,Robert
FEMALE_FIRST,Roberta
FEMALE_FIRST,Robin
FEMALE_FIRST,Robyn
FEMALE_FIRST,Rochelle
FEMALE_FIRST,Ronda
FEMALE_FIRST,Rosa
FEMALE_FIRST,Rosalie
FEMALE_FIRST,Rosalind
FEMALE_FIRST,Rosalinda
FEMALE_FIRST,Rosalyn
FEMALE_FIRST,Rosanna
FEMALE_FIRST,Rosanne
FEMALE_FIRST,Rosario
FEMALE_FIRST,Rose
FEMALE_FIRST,Roseann
FEMALE_FIRST,Rosella
FEMALE_FIRST,Rosemarie
FEMALE_FIRST,Rosemary
FEMALE_FIRST,Rosetta
FEMALE_FIRST,Rosie
FEMALE_FIRST,Roslyn
FEMALE_FIRST,Rowena
FEMALE_FIRST,Roxanne
FEMALE_FIRST,Roxie
FEMALE_FIRST,Ruby
FEMALE_FIRST,Ruth
FEMALE_FIRST,Ruthie
FEMALE_FIRST,Sabrina
FEMALE_FIRST,Sade
FEMALE_FIRST,Sadie
FEMALE_FIRST,Sallie
FEMALE_FIRST,Sally
FEMALE_FIRST,Samantha
FEMALE_FIRST,Sandra
FEMALE_FIRST,Sandy
FEMALE_FIRST,Sara
FEMALE_FIRST,Sarah
FEMALE_FIRST,Sasha
FEMALE_FIRST,Saundra
FEMALE_FIRST,Savannah
FEMALE_FIRST,Selena
FEMALE_FIRST,Selma
FEMALE_FIRST,Serena
FEMALE_FIRST,Shalonda
FEMALE_FIRST,Shana
FEMALE_FIRST,Shanna
FEMALE_FIRST,Shannon
FEMALE_FIRST,Shari
FEMALE_FIRST,Sharlene
FEMALE_FIRST,Sharon
FEMALE_FIRST,Sharron
FEMALE_FIRST,Shauna
FEMALE_FIRST,Shawn
FEMALE_FIRST,Shawna
FEMALE_FIRST,Sheena
FEMALE_FIRST,Sheila
FEMALE_FIRST,Shelby
FEMALE_FIRST,Shelia
FEMALE_FIRST,Shelley
FEMALE_FIRST,Shelly
FEMALE_FIRST,Sheree
FEMALE_FIRST,Sheri
FEMALE_FIRST,Sherri
FEMALE_FIRST,Sherrie
FEMALE_FIRST,Sherry
FEMALE_FIRST,Sheryl
FEMALE_FIRST,Shirley
FEMALE_FIRST,Silvia
FEMALE_FIRST,Simone
FEMALE_FIRST,Socorro
FEMALE_FIRST,Sofia
FEMALE_FIRST,Sondra
FEMALE_FIRST,Sonia
FEMALE_FIRST,Sonja
FEMALE_FIRST,Sonya
FEMALE_FIRST,Sophia
FEMALE_FIRST,Sophie
FEMALE_FIRST,Stacey
FEMALE_FIRST,Staci
FEMALE_FIRST,Stacie
FEMALE_FIRST,Stacy
FEMALE_FIRST,Stefanie
FEMALE_FIRST,Stella
FEMALE_FIRST,Stephanie
FEMALE_FIRST,Sue
FEMALE_FIRST,Summer
FEMALE_FIRST,Susan
FEMALE_FIRST,Susana
FEMALE_FIRST,Susanna
FEMALE_FIRST,Susanne
FEMALE_FIRST,Susie
FEMALE_FIRST,Suzanne
FEMALE_FIRST,Suzette
FEMALE_FIRST,Sybil
FEMALE_FIRST,Sylvia
FEMALE_FIRST,Tabatha
FEMALE_FIRST,Tabitha
FEMALE_FIRST,Tamara
FEMALE_FIRST,Tameka
FEMALE_FIRST,Tamera
FEMALE_FIRST,Tami
FEMALE_FIRST,Tamika
FEMALE_FIRST,Tammi
FEMALE_FIRST,Tammie
FEMALE_FIRST,Tammy
FEMALE_FIRST,Tamra
FEMALE_FIRST,Tania
FEMALE_FIRST,Tanisha
FEMALE_FIRST,Tanya
FEMALE_FIRST,Tara
FEMALE_FIRST,Tasha
FEMALE_FIRST,Taylor
FEMALE_FIRST,Teresa
FEMALE_FIRST,Teresita
FEMALE_FIRST,Teri
FEMALE_FIRST,Terra
FEMALE_FIRST,Terri
FEMALE_FIRST,Terrie
FEMALE_FIRST,Terry
FEMALE_FIRST,Tessa
FEMALE_FIRST,Thao
FEMALE_FIRST,Thelma
FEMALE_FIRST,Theresa
FEMALE_FIRST,Therese
FEMALE_FIRST,Tia
FEMALE_FIRST,Tiffany
FEMALE_FIRST,Tina
FEMALE_FIRST,Tisha
FEMALE_FIRST,Tobie
FEMALE_FIRST,Tommie
FEMALE_FIRST,Toni
FEMALE_FIRST,Tonia
FEMALE_FIRST,Tonya
FEMALE_FIRST,Tracee
FEMALE_FIRST,Tracey
FEMALE_FIRST,Traci
FEMALE_FIRST,Tracie
FEMALE_FIRST,Tracy
FEMALE_FIRST,Tricia
FEMALE_FIRST,Trina
FEMALE_FIRST,Trisha
FEMALE_FIRST,Trudy
FEMALE_FIRST,Twila
FEMALE_FIRST,Ursula
FEMALE_FIRST,Valarie
FEMALE_FIRST,Valeria
FEMALE_FIRST,Valerie
FEMALE_FIRST,Vanesa
FEMALE_FIRST,Vanessa
FEMALE_FIRST,Velma
FEMALE_FIRST,Vera
FEMALE_FIRST,Verna
FEMALE_FIRST,Veronica
FEMALE_FIRST,Vicki
FEMALE_FIRST,Vickie
FEMALE_FIRST,Vicky
FEMALE_FIRST,Victoria
FEMALE_FIRST,Vilma
FEMALE_FIRST,Viola
FEMALE_FIRST,Violet
FEMALE_FIRST,Virgie
FEMALE_FIRST,Virginia
FEMALE_FIRST,Vivian
FEMALE_FIRST,Vonda
FEMALE_FIRST,Wanda
FEMALE_FIRST,Wanita
FEMALE_FIRST,Wendi
FEMALE_FIRST,Wendy
FEMALE_FIRST,Whitney
FEMALE_FIRST,Wilda
FEMALE_FIRST,Willa
FEMALE_FIRST,Willie
FEMALE_FIRST,Wilma
FEMALE_FIRST,Winifred
FEMALE_FIRST,Winnie
FEMALE_FIRST,Yanira
FEMALE_FIRST,Yesenia
FEMALE_FIRST,Yolanda
FEMALE_FIRST,Young
FEMALE_FIRST,Yvette
FEMALE_FIRST,Yvonne
FEMALE_FIRST,Zana
FEMALE_FIRST,Zelma
LAST,A.J.
LAST,Aaron
LAST,Abbott
LAST,Abbrederis
LAST,Abdesmad
LAST,Abdul-Quddus
LAST,Abdullah
LAST,Abel
LAST,Abney
LAST,Aboushi
LAST,Abraham
LAST,Acevedo
LAST,Acho
LAST,Acker
LAST,Acosta
LAST,Adalberto
LAST,Adam
LAST,Adams
LAST,Addae
LAST,Addison
LAST,Adeiny
LAST,Adeyemi
LAST,Adjei-Barimah
LAST,Adkins
LAST,Adonis
LAST,Adrian
LAST,Adron
LAST,Agholor
LAST,Aguayo
LAST,Aguilar
LAST,Aguirre
LAST,Aiken
LAST,Aikens
LAST,Ajayi
LAST,Akeel
LAST,Akunne
LAST,Al
LAST,Albert
LAST,Alberto
LAST,Albright
LAST,Alcides
LAST,Alec
LAST,Alecxih
LAST,Aledmys
LAST,Alejandro
LAST,Alen
LAST,Alex
LAST,Alexander
LAST,Alexei
LAST,Alexi
LAST,Alford
LAST,Alfredo
LAST,Ali
LAST,Allan
LAST,Allen
LAST,Allison
LAST,Alonso
LAST,Alualu
LAST,Alvarado
LAST,Alvarez
LAST,Amaro
LAST,Amendola
LAST,Amerson
LAST,Amir
LAST,Amos
LAST,Amosa
LAST,Amukamara
LAST,Andersen
LAST,Anderson
LAST,Andrade
LAST,Andre
LAST,Andrelton
LAST,Andres
LAST,Andrew
LAST,Andrews
LAST,Andruw
LAST,Andury
LAST,Andy
LAST,Angel
LAST,Anger
LAST,Anibal
LAST,Annen
LAST,Ansah
LAST,Anthony
LAST,Anthrop
LAST,Antoan
LAST,Antonio
LAST,Anunoby
LAST,Apodaca
LAST,Apple
LAST,Aramis
LAST,Archer
LAST,Archie
LAST,Arellano
LAST,Arias
LAST,Ariel
LAST,Ariguzo
LAST,Arismendy
LAST,Arkin
LAST,Armbrister
LAST,Armstead
LAST,Armstrong
LAST,Arnold
LAST,Arodys
LAST,Aroldis
LAST,Arquimedes
LAST,Arrington
LAST,Arroyo
LAST,Arthur
LAST,Artis-Payne
LAST,Asdrubal
LAST,Ash
LAST,Asher
LAST,Ashley
LAST,Ashmore
LAST,Ashur
LAST,Asiata
LAST,Atkins
LAST,Atkinson
LAST,Attaochu
LAST,Audry
LAST,Austin
LAST,Autry
LAST,Avery
LAST,Avila
LAST,Avisail
LAST,Avril
LAST,Awe
LAST,Ayala
LAST,Ayers
LAST,B.J.
LAST,Babineaux
LAST,Backman
LAST,Bademosi
LAST,Bailey
LAST,Baird
LAST,Baker
LAST,Bakhtiari
LAST,Balducci
LAST,Baldwin
LAST,Ball
LAST,Ballard
LAST,Ballentine
LAST,Banjo
LAST,Banks
LAST,Banyard
LAST,Barajas
LAST,Barber
LAST,Barbour
LAST,Barbre
LAST,Barclay
LAST,Barker
LAST,Barkley
LAST,Barksdale
LAST,Barner
LAST,Barnes
LAST,Barnett
LAST,Barney
LAST,Barnidge
LAST,Barr
LAST,Barrera
LAST,Barrett
LAST,Barrington
LAST,Barron
LAST,Barrow
LAST,Barry
LAST,Bars
LAST,Barth
LAST,Bartlett
LAST,Bartolo
LAST,Barton
LAST,Bartu
LAST,Barwin
LAST,Bass
LAST,Bates
LAST,Battle
LAST,Bauer
LAST,Bausby
LAST,Bautista
LAST,Baxter
LAST,Beachum
LAST,Beadles
LAST,Bean
LAST,Beard
LAST,Beasley
LAST,Beavers
LAST,Beck
LAST,Becker
LAST,Beckham
LAST,Becton
LAST,Bell
LAST,Bellamy
LAST,Bellore
LAST,Beltran
LAST,Ben
LAST,Bender
LAST,Benenoch
LAST,Benitez
LAST,Benjamin
LAST,Benn
LAST,Bennett
LAST,Benson
LAST,Bentley
LAST,Benton
LAST,Benwikere
LAST,Bercovici
LAST,Berg
LAST,Bergen
LAST,Berger
LAST,Bergstrom
LAST,Berhe
LAST,Bernadeau
LAST,Bernard
LAST,Bernstein
LAST,Berry
LAST,Bersin
LAST,Bertolet
LAST,Best
LAST,Bethea
LAST,Bethel
LAST,Bethel-Thompson
LAST,Beyer
LAST,Bibbs
LAST,Biermann
LAST,Biggers
LAST,Bill
LAST,Billings
LAST,Billingsley
LAST,Billy
LAST,Binford
LAST,Bird
LAST,Bishop
LAST,Bitonio
LAST,Black
LAST,Blackburn
LAST,Blackmon
LAST,Blackson
LAST,Blackwell
LAST,Blaine
LAST,Blair
LAST,Blake
LAST,Blakeney
LAST,Blanchard
LAST,Blankenship
LAST,Blanton
LAST,Blechen
LAST,Blevins
LAST,Blount
LAST,Blue
LAST,Blythe
LAST,Bo
LAST,Bobby
LAST,Boddy-Calhoun
LAST,Bodine
LAST,Boehm
LAST,Boehringer
LAST,Boggs
LAST,Bohanon
LAST,Bolden
LAST,Boldin
LAST,Boling
LAST,Bolling
LAST,Bolton
LAST,Bond
LAST,Bonilla
LAST,Bonnet
LAST,Boog
LAST,Booker
LAST,Boone
LAST,Booth
LAST,Bortles
LAST,Bosa
LAST,Bosher
LAST,Bostic
LAST,Bostick
LAST,Boston
LAST,Boswell
LAST,Bouka
LAST,Bouye
LAST,Bowanko
LAST,Bowen
LAST,Bowers
LAST,Bowman
LAST,Boyd
LAST,Boyer
LAST,Boykin
LAST,Boyko
LAST,Boyle
LAST,Brad
LAST,Bradberry
LAST,Braden
LAST,Bradfield
LAST,Bradford
LAST,Bradham
LAST,Bradin
LAST,Bradley
LAST,Bradshaw
LAST,Brady
LAST,Braman
LAST,Branch
LAST,Branden
LAST,Brandon
LAST,Brandt
LAST,Brate
LAST,Braun
LAST,Braunecker
LAST,Braverman
LAST,Bray
LAST,Brayan
LAST,Breaux
LAST,Breeland
LAST,Brees
LAST,Brendan
LAST,Brendel
LAST,Brennan
LAST,Brenner
LAST,Brent
LAST,Brett
LAST,Brewer
LAST,Brian
LAST,Brice
LAST,Bridges
LAST,Bridgewater
LAST,Briggs
LAST,Bright
LAST,Brill
LAST,Brinkley
LAST,Brissett
LAST,Britt
LAST,Britz
LAST,Brock
LAST,Brockers
LAST,Bromley
LAST,Bronson
LAST,Brooks
LAST,Brothers
LAST,Brown
LAST,Brown-Dukes
LAST,Browne
LAST,Browner
LAST,Browning
LAST,Broxton
LAST,Bruce
LAST,Bruton
LAST,Brutus
LAST,Bryan
LAST,Bryant
LAST,Bryce
LAST,Bubba
LAST,Bucannon
LAST,Buchanan
LAST,Buck
LAST,Buckley
LAST,Buckner
LAST,Bud
LAST,Buddy
LAST,Bulaga
LAST,Bullard
LAST,Bullock
LAST,Bullough
LAST,Bundrage
LAST,Bundy
LAST,Burbank
LAST,Burbridge
LAST,Burch
LAST,Burfict
LAST,Burgess
LAST,Burke
LAST,Burkhead
LAST,Burks
LAST,Burley
LAST,Burnett
LAST,Burns
LAST,Burris
LAST,Burse
LAST,Burton
LAST,Burwell
LAST,Bush
LAST,Bushrod
LAST,Buster
LAST,Butler
LAST,Byard
LAST,Bykowski
LAST,Byndom
LAST,Bynes
LAST,Byrd
LAST,Byron
LAST,Byung
LAST,C.C.
LAST,C.J.
LAST,Cabrera
LAST,Cadet
LAST,Cage
LAST,Cain
LAST,Cajuste
LAST,Calderon
LAST,Caldwell
LAST,Caleb
LAST,Calhoun
LAST,Callahan
LAST,Cam
LAST,Camacho
LAST,Cameron
LAST,Campanaro
LAST,Campbell
LAST,Campos
LAST,Canaday
LAST,Canady
LAST,Cann
LAST,Ty
LAST,Cannon
LAST,Cantrell
LAST,Cantu
LAST,Capers
LAST,Capi
LAST,Caputo
LAST,Cardenas
LAST,Carder
LAST,Cardona
LAST,Carey
LAST,Carl
LAST,Carlis
LAST,Carlisle
LAST,Carlos
LAST,Carlson
LAST,Carney
LAST,Carpenter
LAST,Carr
LAST,Carradine
LAST,Carrethers
LAST,Carrie
LAST,Carrier
LAST,Carrillo
LAST,Carrington
LAST,Carroll
LAST,Carroo
LAST,Carson
LAST,Carter
LAST,Cartwright
LAST,Case
LAST,Casey
LAST,Cash
LAST,Casillas
LAST,Casper
LAST,Cassel
LAST,Castaneda
LAST,Castillo
LAST,Castonzo
LAST,Castro
LAST,Catanzaro
LAST,Catapano
LAST,CC
LAST,Cedric
LAST,Celek
LAST,Ceresna
LAST,Cervantes
LAST,Cesar
LAST,Chad
LAST,Chambers
LAST,Chan
LAST,Chance
LAST,Chancellor
LAST,Chandler
LAST,Chaney
LAST,Chang
LAST,Chapman
LAST,Chappell
LAST,Charles
LAST,Charlie
LAST,Chase
LAST,Chasen
LAST,Chavez
LAST,Chaz
LAST,Che-Hsuan
LAST,Cheek
LAST,Chekwa
LAST,Chen
LAST,Cherilus
LAST,Cherry
LAST,Cheslor
LAST,Chester
LAST,Chestnut
LAST,Chi
LAST,Chia-Jen
LAST,Chickillo
LAST,Chien-Ming
LAST,Chin-hui
LAST,Cho
LAST,Choi
LAST,Chone
LAST,Chris
LAST,Christensen
LAST,Christian
LAST,Chubb
LAST,Chung
LAST,Church
LAST,Churchill
LAST,Cisneros
LAST,Clady
LAST,Claiborne
LAST,Clark
LAST,Clarke
LAST,Clausell
LAST,Clay
LAST,Clayborn
LAST,Clayton
LAST,Cleary
LAST,Clemens
LAST,Clements
LAST,Clemmings
LAST,Clemons
LAST,Clete
LAST,Cleveland
LAST,Cliett
LAST,Cliff
LAST,Cline
LAST,Clint
LAST,Clinton-Dix
LAST,Clowney
LAST,Coates
LAST,Cobb
LAST,Cochran
LAST,Cockran
LAST,Cockrell
LAST,Coco
LAST,Cody
LAST,Coe
LAST,Coffey
LAST,Coffman
LAST,Cofield
LAST,Cohen
LAST,Coker
LAST,Colby
LAST,Cole
LAST,Coleman
LAST,Coley
LAST,Colin
LAST,Collier
LAST,Collin
LAST,Collins
LAST,Colon
LAST,Colquhoun
LAST,Colquitt
LAST,Colt
LAST,Colter
LAST,Colton
LAST,Colvin
LAST,Combs
LAST,Compton
LAST,Condo
LAST,Conklin
LAST,Conley
LAST,Conner
LAST,Connor
LAST,Connors
LAST,Conor
LAST,Conrad
LAST,Conte
LAST,Contreras
LAST,Conway
LAST,Cook
LAST,Cooke
LAST,Cooks
LAST,Cooley
LAST,Coons
LAST,Cooper
LAST,Copeland
LAST,Coples
LAST,Coprich
LAST,Corban
LAST,Cord
LAST,Cordova
LAST,Core
LAST,Corey
LAST,Corky
LAST,Cornett
LAST,Correa
LAST,Cortez
LAST,Cory
LAST,Costa
LAST,Cottom
LAST,Council
LAST,Countess
LAST,Cousins
LAST,Covington
LAST,Cowan
LAST,Cowser
LAST,Cox
LAST,Coyle
LAST,Crabtree
LAST,Craig
LAST,Crane
LAST,Cravens
LAST,Crawford
LAST,Crawley
LAST,Creech
LAST,Crichton
LAST,Crick
LAST,Crisp
LAST,Cristhian
LAST,Crockett
LAST,Cromartie
LAST,Crosby
LAST,Cross
LAST,Crowder
LAST,Crowell
LAST,Crume
LAST,Cruz
LAST,Cudjo
LAST,Cuevas
LAST,Culliver
LAST,Cumberland
LAST,Cummings
LAST,Cunningham
LAST,Currie
LAST,Currier
LAST,Curry
LAST,Curt
LAST,Curtis
LAST,Cushing
LAST,Cutler
LAST,Cyprien
LAST,Dable
LAST,Dae-Ho
LAST,Dahl
LAST,Daisuke
LAST,Dale
LAST,Dalier
LAST,Dallas
LAST,Dalton
LAST,Damien
LAST,Dan
LAST,Dana
LAST,Dane
LAST,Dangerfield
LAST,Daniel
LAST,Daniels
LAST,Danny
LAST,Dansby
LAST,Darby
LAST,Dareus
LAST,Daric
LAST,Dariel
LAST,Darin
LAST,Dario
LAST,Darkwa
LAST,Darnell
LAST,Darr
LAST,Darrell
LAST,Darren
LAST,Darwin
LAST,Daugherty
LAST,Dave
LAST,Davenport
LAST,David
LAST,Davidson
LAST,Davie
LAST,Davies
LAST,Davila
LAST,Davis
LAST,Davison
LAST,Dawson
LAST,Day
LAST,Dayan
LAST,Deaderick
LAST,Dean
LAST,Deaver
LAST,Deayon
LAST,DeBord
LAST,DeCastro
LAST,Decker
LAST,Dee
LAST,Delacruz
LAST,Delaire
LAST,Deleon
LAST,Delgado
LAST,Delino
LAST,Dellin
LAST,Delmon
LAST,Deluca
LAST,Demps
LAST,Denard
LAST,Denham
LAST,Denis
LAST,Dennard
LAST,Denney
LAST,Dennis
LAST,Dent
LAST,Deolis
LAST,DeOssie
LAST,DePalma
LAST,DePaola
LAST,Derby
LAST,Derek
LAST,Derr
LAST,Derrick
LAST,Desir
LAST,Desmond
LAST,Deunte
LAST,Devalve
LAST,Develin
LAST,Deven
LAST,Devey
LAST,Devin
LAST,Devon
LAST,Dewayne
LAST,Dexter
LAST,Dial
LAST,Dian
LAST,Diaz
LAST,Dickerson
LAST,Dickson
LAST,Didi
LAST,Diego
LAST,Diggs
LAST,Dillon
LAST,Dilson
LAST,DiManche
LAST,DiMarco
LAST,Dioner
LAST,DiSalvo
LAST,Dismukes
LAST,Dixon
LAST,DJ
LAST,Dobson
LAST,Doctson
LAST,Dodd
LAST,Dodson
LAST,Domingo
LAST,Dominguez
LAST,Dominic
LAST,Domonic
LAST,Don
LAST,Donald
LAST,Donaldson
LAST,Donn
LAST,Donnal
LAST,Donnell
LAST,Donnie
LAST,Donovan
LAST,Dora
LAST,Dorenbos
LAST,Dorleant
LAST,Dorsett
LAST,Dorsey
LAST,Doss
LAST,Dotson
LAST,Doug
LAST,Dougherty
LAST,Doughty
LAST,Douglas
LAST,Douzable
LAST,Dowling
LAST,Downey
LAST,Downs
LAST,Doyle
LAST,Dozier
LAST,Drake
LAST,Drango
LAST,Draughn
LAST,Dray
LAST,Drescher
LAST,Drew
LAST,Driskel
LAST,Drummond
LAST,Duane
LAST,Duarte
LAST,Ducasse
LAST,Ducre
LAST,Dudley
LAST,Duffy
LAST,Dugas
LAST,Duke
LAST,Dumervil
LAST,Dunbar
LAST,Duncan
LAST,Dunlap
LAST,Dunn
LAST,Dupree
LAST,Duran
LAST,Durant
LAST,Durden
LAST,Durham
LAST,Dustin
LAST,Dusty
LAST,Duvernay-Tardif
LAST,Dye
LAST,Dyer
LAST,Dylan
LAST,Dysert
LAST,Dzubnar
LAST,Eagan
LAST,Ealy
LAST,Easley
LAST,East
LAST,Easton
LAST,Eaton
LAST,Ebner
LAST,Ebron
LAST,Echard
LAST,Ed
LAST,Eddie
LAST,Eddy
LAST,Edebali
LAST,Edelman
LAST,Ederaine
LAST,Edgar
LAST,Edgmer
LAST,Edinson
LAST,Edison
LAST,Eduardo
LAST,Edubray
LAST,Edwar
LAST,Edward
LAST,Edwards
LAST,Edwin
LAST,Efren
LAST,Ehinger
LAST,Ehire
LAST,Eifert
LAST,Ekpre-Olomu
LAST,Elam
LAST,Elian
LAST,Elias
LAST,Ellerbe
LAST,Ellington
LAST,Elliot
LAST,Elliott
LAST,Ellis
LAST,Ellison
LAST,Elmer
LAST,Elston
LAST,Elvin
LAST,Elvis
LAST,Emanuel
LAST,Emilio
LAST,Emmanuel
LAST,Ender
LAST,Endy
LAST,Enemkpali
LAST,Enerio
LAST,Engel
LAST,English
LAST,Enny
LAST,Enrique
LAST,Enunwa
LAST,Epps
LAST,Erasmo
LAST,Eric
LAST,Erick
LAST,Erickson
LAST,Erik
LAST,Erisbel
LAST,Ernesto
LAST,Ertz
LAST,Ervin
LAST,Erving
LAST,Escobar
LAST,Eskridge
LAST,Esmil
LAST,Esparza
LAST,Espinoza
LAST,Estes
LAST,Estrada
LAST,Ethan
LAST,Eugenio
LAST,Eulls
LAST,Eury
LAST,Evan
LAST,Evans
LAST,Everett
LAST,Everette
LAST,Everth
LAST,Ewing
LAST,Exum
LAST,Ezequiel
LAST,Fabiano
LAST,Faciane
LAST,Fackrell
LAST,Fairbairn
LAST,Fairley
LAST,Fales
LAST,Fallin
LAST,Fanaika
LAST,Fant
LAST,Farley
LAST,Farmer
LAST,Farrell
LAST,Farris
LAST,Farrow
LAST,Fasano
LAST,Faulkner
LAST,Fede
LAST,Feeney
LAST,Feigt
LAST,Feiler
LAST,Fejedelem
LAST,Feliciano
LAST,Felipe
LAST,Felix
LAST,Fells
LAST,Felton
LAST,Ferentz
LAST,Ferguson
LAST,Fernandez
LAST,Fernando
LAST,Ferrell
LAST,Ficken
LAST,Fiedorowicz
LAST,Fields
LAST,Figueroa
LAST,Finley
LAST,Finnegan
LAST,Finney
LAST,Fischer
LAST,Fisher
LAST,Fitzgerald
LAST,Fitzpatrick
LAST,Flacco
LAST,Fleener
LAST,Fleming
LAST,Fletcher
LAST,Flores
LAST,Flowers
LAST,Floyd
LAST,Fluellen
LAST,Fluker
LAST,Flynn
LAST,Foles
LAST,Foley
LAST,Folk
LAST,Folkerts
LAST,Forbath
LAST,Forbes
LAST,Ford
LAST,Foret
LAST,Forrest
LAST,Forsett
LAST,Fort
LAST,Forte
LAST,Foster
LAST,Foucault
LAST,Fowler
LAST,Fox
LAST,Foxx
LAST,Fragel
LAST,France
LAST,Francis
LAST,Francisco
LAST,Francisley
LAST,Franco
LAST,Frank
LAST,Frankie
LAST,Franklin
LAST,Franks
LAST,Frazier
LAST,Freddie
LAST,Freddy
LAST,Frederick
LAST,Free
LAST,Freeman
LAST,Freeney
LAST,Freeny
LAST,French
LAST,Frese
LAST,Frey
LAST,Friedman
LAST,Friend
LAST,Fritz
LAST,Frost
LAST,Fruechte
LAST,Fry
LAST,Frye
LAST,Fua
LAST,Fuehne
LAST,Fuentes
LAST,Fuller
LAST,Fullington
LAST,Fulton
LAST,Funchess
LAST,Fusco
LAST,Gabbert
LAST,Gabby
LAST,Gabriel
LAST,Gaby
LAST,Gachkar
LAST,Gaffney
LAST,Gaines
LAST,Gallagher
LAST,Gallant
LAST,Gallegos
LAST,Gallik
LAST,Galloway
LAST,Galvan
LAST,Gamble
LAST,Gangwish
LAST,Gano
LAST,Ganus
LAST,Garcia
LAST,Garcon
LAST,Gardner
LAST,Garin
LAST,Garland
LAST,Garner
LAST,Garnett
LAST,Garoppolo
LAST,Garrett
LAST,Garrison
LAST,Garvin
LAST,Gary
LAST,Garza
LAST,Gaskins
LAST,Gaston
LAST,Gates
LAST,Gatewood
LAST,Gathers
LAST,Gause
LAST,Gavin
LAST,Gay
LAST,Geathers
LAST,Gentry
LAST,George
LAST,Geovany
LAST,Gerald
LAST,Gerardo
LAST,Gerhart
LAST,German
LAST,Gerrit
LAST,Gettis
LAST,Gholston
LAST,Giacomini
LAST,Giancarlo
LAST,Gibbs
LAST,Gibson
LAST,Gifford
LAST,Gift
LAST,Gil
LAST,Gilberry
LAST,Gilbert
LAST,Gilchrist
LAST,Giles
LAST,Gilkey
LAST,Gill
LAST,Gillespie
LAST,Gilliam
LAST,Gillislee
LAST,Gillmore
LAST,Gilmore
LAST,Ginn
LAST,Gio
LAST,Giovanni
LAST,Giovanny
LAST,Gipson
LAST,Givens
LAST,Glanton
LAST,Glasgow
LAST,Glass
LAST,Glen
LAST,Glenn
LAST,Glennon
LAST,Glidden
LAST,Glover
LAST,Glover-Wright
LAST,Glowinski
LAST,Goff
LAST,Golden
LAST,Goldman
LAST,Golson
LAST,Golston
LAST,Gomez
LAST,Gonzales
LAST,Gonzalez
LAST,Good
LAST,Goode
LAST,Gooden
LAST,Goodley
LAST,Goodman
LAST,Goodson
LAST,Goodwin
LAST,Gordon
LAST,Gore
LAST,Gorkys
LAST,Gostkowski
LAST,Gotsis
LAST,Gottschalk
LAST,Gould
LAST,Grace
LAST,Gradkowski
LAST,Grady
LAST,Graf
LAST,Gragg
LAST,Graham
LAST,Grant
LAST,Grasu
LAST,Gratz
LAST,Graves
LAST,Gray
LAST,Grayson
LAST,Greco
LAST,Green
LAST,Green-Beckham
LAST,Green-Thompson
LAST,Greene
LAST,Greenway
LAST,Greer
LAST,Greg
LAST,Gregor
LAST,Gregorio
LAST,Gregory
LAST,Gresham
LAST,Griffen
LAST,Griffin
LAST,Griffin III
LAST,Griffith
LAST,Grigsby
LAST,Grimble
LAST,Grimes
LAST,Grissom
LAST,Grogan
LAST,Gronkowski
LAST,Gross
LAST,Groy
LAST,Grugier-Hill
LAST,Grymes
LAST,Guerra
LAST,Guerrero
LAST,Guido
LAST,Guilder
LAST,Guillermo
LAST,Guion
LAST,Gunter
LAST,Gurley
LAST,Gus
LAST,Gutierrez
LAST,Guy
LAST,Guzman
LAST,Gwacham
LAST,Haas
LAST,Hackenberg
LAST,Hackett
LAST,Haden
LAST,Haeg
LAST,Hageman
LAST,Hagen
LAST,Hager
LAST,Hahn
LAST,Hairston
LAST,Hak-Ju
LAST,Hal
LAST,Halapio
LAST,Hale
LAST,Haley
LAST,Hali
LAST,Hall
LAST,Ham
LAST,Hamilton
LAST,Hamlett
LAST,Hamm
LAST,Hammond
LAST,Hampton
LAST,Hamrick
LAST,Hancock
LAST,Haney
LAST,Hank
LAST,Hankins
LAST,Hanley
LAST,Hanna
LAST,Hansbrough
LAST,Hansel
LAST,Hansen
LAST,Hanser
LAST,Hansley
LAST,Hanson
LAST,Harbor
LAST,Hardin
LAST,Harding
LAST,Hardison
LAST,Hardy
LAST,Hargrave
LAST,Hargreaves
LAST,Harkey
LAST,Harmon
LAST,Harold
LAST,Harper
LAST,Harrell
LAST,Harrington
LAST,Harris
LAST,Harrison
LAST,Hart
LAST,Hartfield
LAST,Hartman
LAST,Harvey
LAST,Hatfield
LAST,Hauschka
LAST,Hauser
LAST,Havenstein
LAST,Hawkins
LAST,Hawley
LAST,Hawthorne
LAST,Hayden
LAST,Hayes
LAST,Haynes
LAST,Hays
LAST,Hayward
LAST,Hazel
LAST,Heaps
LAST,Heath
LAST,Hebert
LAST,Hector
LAST,Heeney
LAST,Heinicke
LAST,Hekker
LAST,Hekking
LAST,Hemingway
LAST,Henderson
LAST,Hendricks
LAST,Hendrix
LAST,Hendy
LAST,Henne
LAST,Henry
LAST,Hensley
LAST,Henson
LAST,Hepburn
LAST,Herman
LAST,Hernan
LAST,Hernandez
LAST,Herndon
LAST,Herrera
LAST,Herring
LAST,Herron
LAST,Herzlich
LAST,Hess
LAST,Hester
LAST,Heuerman
LAST,Heurtelou
LAST,Hewitt
LAST,Heyward
LAST,Heyward-Bey
LAST,Hickey
LAST,Hickman
LAST,Hicks
LAST,Higbee
LAST,Higgins
LAST,Highland
LAST,Hightower
LAST,Hildreth
LAST,Hill
LAST,Hillary
LAST,Hilliard
LAST,Hillman
LAST,Hills
LAST,Hilton
LAST,Hines
LAST,Hinton
LAST,Hiram
LAST,Hiroki
LAST,Hisashi
LAST,Hitchens
LAST,Ho
LAST,Hobbs
LAST,Hocker
LAST,Hodge
LAST,Hodges
LAST,Hoffman
LAST,Hogan
LAST,Holden
LAST,Holder
LAST,Holguin
LAST,Holland
LAST,Holloway
LAST,Holmes
LAST,Holt
LAST,Holton
LAST,Holtz
LAST,Homer
LAST,Hood
LAST,Hooks
LAST,Hoomanawanui
LAST,Hooper
LAST,Hoover
LAST,Hopkins
LAST,Horn
LAST,Horne
LAST,Horton
LAST,Houma
LAST,House
LAST,Housler
LAST,Houston
LAST,Houston-Carson
LAST,Howard
LAST,Howe
LAST,Howell
LAST,Howie
LAST,Howsare
LAST,Hoyer
LAST,Huang
LAST,Hubbard
LAST,Huber
LAST,Hubert
LAST,Hudson
LAST,Huerta
LAST,Huey
LAST,Huff
LAST,Huffman
LAST,Hughes
LAST,Hughlett
LAST,Huguenin
LAST,Hull
LAST,Humber
LAST,Humberto
LAST,Humes
LAST,Humphrey
LAST,Humphries
LAST,Hundley
LAST,Hunt
LAST,Hunter
LAST,Hurley
LAST,Hurns
LAST,Hurst
LAST,Hurt
LAST,Huston
LAST,Hutchinson
LAST,Huynh
LAST,Hyatt
LAST,Hyde
LAST,Hyder
LAST,Hyun-Jin
LAST,Hyun-soo
LAST,Ian
LAST,Ibarra
LAST,Ichiro
LAST,Iddings
LAST,Ifedi
LAST,Igwenagu
LAST,Ihenacho
LAST,Ijalana
LAST,Ikard
LAST,Ike
LAST,Iloka
LAST,Incognito
LAST,Ingram
LAST,Inman
LAST,Ioannidis
LAST,Iosefa
LAST,Iosia
LAST,Irvin
LAST,Irving
LAST,Irwin
LAST,Ishmael
LAST,Iupati
LAST,Ivan
LAST,Ivory
LAST,Iworah
LAST,J.A.
LAST,J.B.
LAST,J.C.
LAST,J.D.
LAST,J.J.
LAST,J.P.
LAST,J.R.
LAST,J.T.
LAST,Jabari
LAST,Jace
LAST,Jack
LAST,Jackie
LAST,Jackson
LAST,Jacob
LAST,Jacobs
LAST,Jacobson
LAST,Jacoby
LAST,Jaff
LAST,Jaime
LAST,Jair
LAST,Jairo
LAST,Jake
LAST,James
LAST,Jameson
LAST,Jamey
LAST,Jamie
LAST,Jandel
LAST,Janikowski
LAST,Janis
LAST,Janovich
LAST,Jansen
LAST,Jaramillo
LAST,Jared
LAST,Jarlin
LAST,Jarred
LAST,Jarrett
LAST,Jarrod
LAST,Jarvis
LAST,Jason
LAST,Javier
LAST,Javy
LAST,Jay
LAST,Jaye
LAST,Jayson
LAST,JC
LAST,Jean
LAST,Jean Francois
LAST,Jean-Baptiste
LAST,Jeanmar
LAST,Jeanpierre
LAST,Jed
LAST,Jedd
LAST,Jeff
LAST,Jefferson
LAST,Jeffery
LAST,Jefry
LAST,Jeimer
LAST,Jemile
LAST,Jenkins
LAST,Jennings
LAST,Jenrry
LAST,Jensen
LAST,Jerad
LAST,Jered
LAST,Jeremy
LAST,Jermaine
LAST,Jernigan
LAST,Jerod-Eddie
LAST,Jerome
LAST,Jerry
LAST,Jesse
LAST,Jesus
LAST,Jett
LAST,Jette
LAST,Jeurys
LAST,Jhan
LAST,Jharel
LAST,Jhonatan
LAST,Jhonny
LAST,Jhoulys
LAST,Ji-Man
LAST,Jim
LAST,Jimenez
LAST,Jimmy
LAST,Jo-Jo
LAST,Joakim
LAST,Joan
LAST,Joaquin
LAST,Joba
LAST,Joc
LAST,Joe
LAST,Joeckel
LAST,Joel
LAST,Joely
LAST,Joey
LAST,Johan
LAST,John
LAST,Johnny
LAST,Johns
LAST,Johnson
LAST,Johnston
LAST,Johnstone
LAST,Jon
LAST,Jonathan
LAST,Jones
LAST,Jones-Quartey
LAST,Jonny
LAST,Jordan
LAST,Jordany
LAST,Jordy
LAST,Jorge
LAST,Jose
LAST,Joseph
LAST,Josh
LAST,Josmil
LAST,Joyce
LAST,Joyner
LAST,Juan
LAST,Juarez
LAST,Judon
LAST,Julio
LAST,Jumbo
LAST,Jung
LAST,Junichi
LAST,Junior
LAST,Jurickson
LAST,Justin
LAST,Juszczyk
LAST,Kaepernick
LAST,Kaiser
LAST,Kaleb
LAST,Kalil
LAST,Kamalu
LAST,Kameron
LAST,Kane
LAST,Karras
LAST,Kaser
LAST,Kasitati
LAST,Kaufman
LAST,Kaufusi
LAST,Kearse
LAST,Keaton
LAST,Keenum
LAST,Keeton
LAST,Keith
LAST,Kelby
LAST,Kelce
LAST,Kelemete
LAST,Keller
LAST,Kelley
LAST,Kelly
LAST,Kelvin
LAST,Kemp
LAST,Ken
LAST,Kendall
LAST,Kendricks
LAST,Kendry
LAST,Kendrys
LAST,Kenley
LAST,Kennard
LAST,Kennedy
LAST,Kenneth
LAST,Kennys
LAST,Kensuke
LAST,Kent
LAST,Kenta
LAST,Keo
LAST,Keon
LAST,Keone
LAST,Kerin
LAST,Kerley
LAST,Kern
LAST,Kerr
LAST,Kerridge
LAST,Kerrigan
LAST,Kessler
LAST,Ketel
LAST,Kevan
LAST,Kevin
LAST,Key
LAST,Keyes
LAST,Keyvius
LAST,Khan
LAST,Khris
LAST,Kidd
LAST,Kikaha
LAST,Kila
LAST,Kilgo
LAST,Kilgore
LAST,Killebrew
LAST,Kim
LAST,Kindred
LAST,King
LAST,Kirby
LAST,Kirk
LAST,Kirkland
LAST,Kirkpatrick
LAST,Kirksey
LAST,Kitchen
LAST,Klein
LAST,Kline
LAST,Kling
LAST,Klug
LAST,Knapp
LAST,Knight
LAST,Knighton
LAST,Knoll
LAST,Knox
LAST,Koch
LAST,Koda
LAST,Koehn
LAST,Koht
LAST,Koji
LAST,Kolb
LAST,Kole
LAST,Kolten
LAST,Kouandjio
LAST,Kovacs
LAST,Koyack
LAST,Koyie
LAST,Kragen
LAST,Kramer
LAST,Krause
LAST,Krebs
LAST,Kreiter
LAST,Krieger Coble
LAST,Kris
LAST,Kristopher
LAST,Kroft
LAST,Krueger
LAST,Kruger
LAST,Kuder
LAST,Kuechly
LAST,Kugler
LAST,Kuhn
LAST,Kumerow
LAST,Kurt
LAST,Kush
LAST,Kwiatkoski
LAST,Kyle
LAST,Kyuji
LAST,L.J.
LAST,LaCosse
LAST,Lacy
LAST,LaDouceur
LAST,LaFell
LAST,Laing
LAST,Lake
LAST,Lalk
LAST,Lally
LAST,Lam
LAST,Lamb
LAST,Lambert
LAST,Lambo
LAST,Lamm
LAST,Lampman
LAST,Lamur
LAST,Lance
LAST,Landes
LAST,Landrum
LAST,Landry
LAST,Lane
LAST,Lang
LAST,Lange
LAST,Langford
LAST,Lanier
LAST,Lara
LAST,Lars
LAST,Larsen
LAST,Larson
LAST,Lasco
LAST,Lasike
LAST,Laskey
LAST,Latham
LAST,Latimer
LAST,LaTroy
LAST,Lattimore
LAST,Laurinaitis
LAST,Lauvao
LAST,Lawler
LAST,Lawrence
LAST,Lawrence-Stample
LAST,Lawson
LAST,Laynce
LAST,Layne
LAST,Le
LAST,Leach
LAST,Leahy
LAST,Leak
LAST,Leary
LAST,Leblanc
LAST,Lechler
LAST,Lee
LAST,Lelito
LAST,Lemaster
LAST,Lemon
LAST,Lemonier
LAST,Lendy
LAST,Lengel
LAST,Leno
LAST,Lenz
LAST,Leon
LAST,Leonard
LAST,Leonel
LAST,Leonhardt
LAST,Leonys
LAST,LeRibeus
LAST,Leslie
LAST,Lester
LAST,Leury
LAST,Levine
LAST,Levitre
LAST,Levy
LAST,Lew
LAST,Lewan
LAST,Lewis
LAST,Lewis-Harris
LAST,Lewis-Moore
LAST,Li
LAST,Liam
LAST,Licata
LAST,Lichtensteiger
LAST,Liedtke
LAST,Light
LAST,Lin
LAST,Linder
LAST,Lindsey
LAST,Line
LAST,Linkenbach
LAST,Linsley
LAST,Lippett
LAST,Lisalverto
LAST,Lissemore
LAST,Listenbee
LAST,Little
LAST,Littleton
LAST,Liu
LAST,Liuget
LAST,Livingston
LAST,Lloyd
LAST,Locke
LAST,Lockett
LAST,Loftin
LAST,Logan
LAST,Lomax
LAST,Long
LAST,Longa
LAST,Longacre
LAST,Lonnie
LAST,Looney
LAST,Lopez
LAST,Lorenzo
LAST,Lott
LAST,Lotulelei
LAST,Lou
LAST,Louis
LAST,Louis-Jean
LAST,Lovato
LAST,Love
LAST,Lovejoy
LAST,Lowe
LAST,Lowery
LAST,Lowry
LAST,Lozano
LAST,Luc
LAST,Lucas
LAST,Lucero
LAST,Lucien
LAST,Luck
LAST,Luckett
LAST,Luis
LAST,Luke
LAST,Lumpkin
LAST,Luna
LAST,Lunsford
LAST,Lutz
LAST,Lynch
LAST,Lynn
LAST,Lyons
LAST,Mabe
LAST,Mabry
LAST,Mac
LAST,Macdonald
LAST,Macias
LAST,Mack
LAST,Maclin
LAST,Madden
LAST,Maddox
LAST,Madison
LAST,Madsen
LAST,Magee
LAST,Mager
LAST,Maggitt
LAST,Mahoney
LAST,Maicer
LAST,Maikel
LAST,Maldonado
LAST,Malleck
LAST,Mallett
LAST,Mallex
LAST,Malloy
LAST,Malone
LAST,Mancz
LAST,Mangold
LAST,Manhart
LAST,Manhertz
LAST,Mann
LAST,Manning
LAST,Mannion
LAST,Manny
LAST,Manuel
LAST,Maponga
LAST,Maragos
LAST,Marc
LAST,Marcell
LAST,March-Lillard
LAST,Marco
LAST,Marcordes
LAST,Marcos
LAST,Marcus
LAST,Mariani
LAST,Mario
LAST,Marion
LAST,Mariota
LAST,Mark
LAST,Marks
LAST,Marlon
LAST,Marlowe
LAST,Marpet
LAST,Marquardt
LAST,Marquez
LAST,Marsh
LAST,Marshall
LAST,Martin
LAST,Martinez
LAST,Martino
LAST,Marwin
LAST,Marz
LAST,Masahiro
LAST,Masifilo
LAST,Mason
LAST,Massaquoi
LAST,Massey
LAST,Massie
LAST,Mast
LAST,Masthay
LAST,Mat
LAST,Mata
LAST,Matakevich
LAST,Mathews
LAST,Mathieu
LAST,Mathis
LAST,Matias
LAST,Matias-Smith
LAST,Matt
LAST,Matthew
LAST,Matthews
LAST,Matungulu
LAST,Maualuga
LAST,Mauga
LAST,Mauldin
LAST,Maurer
LAST,Mauricio
LAST,Mauro
LAST,Mauti
LAST,Max
LAST,Maxey
LAST,Maxwell
LAST,May
LAST,Mayckol
LAST,Maye
LAST,Mayer
LAST,Mayes
LAST,Mayle
LAST,Maynard
LAST,Mayo
LAST,Mayowa
LAST,Mays
LAST,Mayweather
LAST,Mbu
LAST,McAdoo
LAST,McAfee
LAST,Mcbride
LAST,McBryde
LAST,McCaffrey
LAST,McCain
LAST,McCalister
LAST,Mccall
LAST,Mccann
LAST,McCants
LAST,McCarron
LAST,Mccarthy
LAST,Mccarty
LAST,Mcclain
LAST,McClellan
LAST,McClellin
LAST,McClendon
LAST,Mcclure
LAST,McCluster
LAST,McCoil
LAST,Mcconnell
LAST,Mccormick
LAST,McCourty
LAST,McCown
LAST,McCoy
LAST,McCray
LAST,McCullers-Sanders
LAST,Mccullough
LAST,Mcdaniel
LAST,Mcdaniels
LAST,McDermott
LAST,Mcdonald
LAST,McDougald
LAST,McDougle
LAST,Mcdowell
LAST,McEvoy
LAST,McFadden
LAST,McFarland
LAST,Mcfarlane
LAST,Mcgee
LAST,McGill
LAST,McGloin
LAST,McGovern
LAST,Mcgrath
LAST,Mcgregor
LAST,Mcguire
LAST,Mcintosh
LAST,Mcintyre
LAST,Mckay
LAST,Mckee
LAST,McKelvin
LAST,Mckenzie
LAST,McKinney
LAST,McKinnon
LAST,McKinzy
LAST,McKissic
LAST,Mcknight
LAST,Mclaughlin
LAST,Mclean
LAST,McLendon
LAST,McLennan
LAST,McLeod
LAST,Mcmahon
LAST,McManis
LAST,McManus
LAST,Mcmillan
LAST,McNary
LAST,Mcneal
LAST,McNeil
LAST,McPhee
LAST,Mcpherson
LAST,McQuaide
LAST,McQueen
LAST,McRae
LAST,McRoberts
LAST,Meadows
LAST,Means
LAST,Mebane
LAST,Meder
LAST,Medina
LAST,Meeks
LAST,Mejia
LAST,Melendez
LAST,Melky
LAST,Melton
LAST,Melvin
LAST,Mena
LAST,Mendez
LAST,Mendoza
LAST,Mercado
LAST,Mercer
LAST,Mercilus
LAST,Meredith
LAST,Merritt
LAST,Mettenberger
LAST,Mewhort
LAST,Meyer
LAST,Meyers
LAST,Meza
LAST,Micah
LAST,Michael
LAST,Michel
LAST,Mickens
LAST,Mickey
LAST,Middleton
LAST,Miguel
LAST,Mihalik
LAST,Mike
LAST,Mikie
LAST,Miles
LAST,Miley
LAST,Milhouse
LAST,Millard
LAST,Miller
LAST,Milliner
LAST,Mills
LAST,Milton
LAST,Mingo
LAST,Minter
LAST,Miranda
LAST,Misi
LAST,Mitch
LAST,Mitchel
LAST,Mitchell
LAST,Moala
LAST,Moats
LAST,Moeaki
LAST,Moises
LAST,Molina
LAST,Momah
LAST,Monangai
LAST,Moncrief
LAST,Monday
LAST,Monroe
LAST,Montes
LAST,Montgomery
LAST,Montoya
LAST,Montreal
LAST,Moody
LAST,Mookie
LAST,Moon
LAST,Mooney
LAST,Moore
LAST,Mora
LAST,Morales
LAST,Moran
LAST,Moreno
LAST,Morgan
LAST,Morris
LAST,Morrison
LAST,Morrow
LAST,Morse
LAST,Morstead
LAST,Mortell
LAST,Morton
LAST,Moses
LAST,Mosley
LAST,Mosley-Smith
LAST,Moss
LAST,Mostert
LAST,Mount
LAST,Moyer
LAST,Muamba
LAST,Mueller
LAST,Muhlbach
LAST,Muir
LAST,Mullaney
LAST,Mullen
LAST,Mulligan
LAST,Mullins
LAST,Mulumba
LAST,Mumphery
LAST,Mundine
LAST,Munenori
LAST,Munnerlyn
LAST,Munoz
LAST,Munyer
LAST,Murillo
LAST,Murphy
LAST,Murray
LAST,Mychal
LAST,Myers
LAST,Nash
LAST,Nassib
LAST,Nate
LAST,Nathan
LAST,Nation
LAST,Navarro
LAST,Ndulue
LAST,Neal
LAST,Nealy
LAST,Neary
LAST,Neasman
LAST,Neely
LAST,Neff
LAST,Nefi
LAST,Neftali
LAST,Neil
LAST,Neill
LAST,Nelson
LAST,Nembot
LAST,Nettles
LAST,Nevin
LAST,Newberry
LAST,Newhouse
LAST,Newman
LAST,Newsome
LAST,Newton
LAST,Ngakoue
LAST,Ngata
LAST,Nguyen
LAST,Nichols
LAST,Nicholson
LAST,Nick
LAST,Nicolas
LAST,Nielsen
LAST,Niklas
LAST,Ninkovich
LAST,Nix
LAST,Nix-Jones
LAST,Nixon
LAST,Nkemdiche
LAST,Noah
LAST,Noble
LAST,Noe
LAST,Nolan
LAST,Nomar
LAST,Nori
LAST,Norman
LAST,Norris
LAST,North
LAST,Nortman
LAST,Norton
LAST,Norwell
LAST,Norwood
LAST,Novak
LAST,Nowak
LAST,Nsekhe
LAST,Nugent
LAST,Numbers
LAST,Nunez
LAST,Nunez-Roches
LAST,Nwachukwu
LAST,Nyjer
LAST,Nzeocha
LAST,O'Brien
LAST,O'Donnell
LAST,O'Leary
LAST,O'Malley
LAST,O'Neal
LAST,O'Shaughnessy
LAST,Oaks
LAST,Obada
LAST,Obarski
LAST,Obioha
LAST,Obrien
LAST,Ochi
LAST,Ochoa
LAST,Oconnell
LAST,Oconnor
LAST,Odell
LAST,Odhiambo
LAST,Odighizuwa
LAST,Odom
LAST,Odonnell
LAST,Odrick
LAST,Odrisamer
LAST,Odubel
LAST,Ogbah
LAST,Ogbuehi
LAST,Ogletree
LAST,Oher
LAST,Ojemudia
LAST,Okafor
LAST,Okine
LAST,Okotcha
LAST,Okoye
LAST,Okpalaugo
LAST,Okung
LAST,Okwara
LAST,Ola
LAST,Olatoye
LAST,Olawale
LAST,Oliver
LAST,Olsen
LAST,Olson
LAST,Omameh
LAST,Omar
LAST,Omir
LAST,Omoile
LAST,Oneal
LAST,Oneill
LAST,Onelki
LAST,Onwuasor
LAST,Onyemata
LAST,Opoku
LAST,Orakpo
LAST,Orchard
LAST,Orlando
LAST,Orlovsky
LAST,Orozco
LAST,Orr
LAST,Ortega
LAST,Ortiz
LAST,Osborn
LAST,Osborne
LAST,Oscar
LAST,Osemele
LAST,Oswaldo
LAST,Osweiler
LAST,Ott
LAST,Overbaugh
LAST,Overton
LAST,Owen
LAST,Owens
LAST,P.J.
LAST,Pablo
LAST,Pace
LAST,Pacheco
LAST,Paco
LAST,Padilla
LAST,Paea
LAST,Pagan
LAST,Page
LAST,Painter
LAST,Palacio
LAST,Palepoi
LAST,Palmer
LAST,Pamphile
LAST,Pantale
LAST,Paradis
LAST,Park
LAST,Parker
LAST,Parkey
LAST,Parks
LAST,Parms
LAST,Parnell
LAST,Parrish
LAST,Parry
LAST,Parsons
LAST,Pascoe
LAST,Pasztor
LAST,Pat
LAST,Patel
LAST,Patmon
LAST,Patrick
LAST,Patterson
LAST,Patton
LAST,Paul
LAST,Paulo
LAST,Paulsen
LAST,Payne
LAST,Paysinger
LAST,Payton
LAST,Pead
LAST,Peak
LAST,Peake
LAST,Pears
LAST,Pearson
LAST,Peat
LAST,Peck
LAST,Pedro
LAST,Peel
LAST,Peerman
LAST,Peko
LAST,Pelon
LAST,Pena
LAST,Penn
LAST,Pennel
LAST,Pennington
LAST,Penny
LAST,Peppers
LAST,Perez
LAST,Pericak
LAST,Perillo
LAST,Perine
LAST,Perkins
LAST,Perriman
LAST,Perry
LAST,Perryman
LAST,Person
LAST,Pete
LAST,Peter
LAST,Peters
LAST,Petersen
LAST,Peterson
LAST,Petteway
LAST,Pettigrew
LAST,Pettinato
LAST,Pettway
LAST,Petty
LAST,Pfeiffer
LAST,Pham
LAST,Phelps
LAST,Phil
LAST,Philip
LAST,Phillippe
LAST,Phillips
LAST,Philon
LAST,Pierce
LAST,Pierre
LAST,Pierre-Louis
LAST,Pierre-Paul
LAST,Pierson
LAST,Pineda
LAST,Pinion
LAST,Pinkins
LAST,Pitoitua
LAST,Pitta
LAST,Pittman
LAST,Pitts
LAST,Pleasant
LAST,Plummer
LAST,Poe
LAST,Poehls
LAST,Pollard
LAST,Ponce
LAST,Ponder
LAST,Poole
LAST,Pope
LAST,Porter
LAST,Posey
LAST,Posluszny
LAST,Potter
LAST,Potts
LAST,Pouncey
LAST,Poutasi
LAST,Powe
LAST,Powell
LAST,Powers
LAST,Poyer
LAST,Prater
LAST,Pratt
LAST,Prescott
LAST,Pressley
LAST,Preston
LAST,Price
LAST,Prince
LAST,Pritchett
LAST,Proctor
LAST,Prosch
LAST,Prosinski
LAST,Prosise
LAST,Pruitt
LAST,Pryor
LAST,Pugh
LAST,Pughsley
LAST,Pullard
LAST,Pulley
LAST,Purcell
LAST,Purdum
LAST,Quarles
LAST,Quarless
LAST,Quick
LAST,Quigley
LAST,Quin
LAST,Quinn
LAST,Quintin
LAST,Qvale
LAST,R.A.
LAST,R.J.
LAST,Raciti
LAST,Radhames
LAST,Rafael
LAST,Ragland
LAST,Rahrig
LAST,Raimel
LAST,Rainey
LAST,Raisel
LAST,Rajai
LAST,Ramirez
LAST,Ramiro
LAST,Ramon
LAST,Ramos
LAST,Ramsey
LAST,Randal
LAST,Randall
LAST,Randle
LAST,Randolph
LAST,Randy
LAST,Rangel
LAST,Rankins
LAST,Rasco
LAST,Rashad
LAST,Rasmussen
LAST,Ratelle
LAST,Raudel
LAST,Raul
LAST,Raven
LAST,Rawls
LAST,Ray
LAST,Raymond
LAST,Reader
LAST,Reaser
LAST,Reaves
LAST,Red
LAST,Redd
LAST,Redfern
LAST,Redmond
LAST,Reece
LAST,Reed
LAST,Reedy
LAST,Reese
LAST,Reeves
LAST,Reid
LAST,Reiff
LAST,Reilly
LAST,Reiter
LAST,Reitz
LAST,Remmers
LAST,Renato
LAST,Renaud
LAST,Rene
LAST,Renfree
LAST,Renfrow
LAST,Renteria
LAST,Reuland
LAST,Revis
LAST,Rex
LAST,Rey
LAST,Reyes
LAST,Reymond
LAST,Reynaldo
LAST,Reynolds
LAST,Rhaney
LAST,Rhiner
LAST,Rhodes
LAST,Rice
LAST,Rich
LAST,Richard
LAST,Richards
LAST,Richardson
LAST,Richburg
LAST,Richie
LAST,Richmond
LAST,Rick
LAST,Rickie
LAST,Ricky
LAST,Rico
LAST,Riddick
LAST,Riddle
LAST,Ridgeway
LAST,Ridley
LAST,Riggs
LAST,Rigsbee
LAST,Riley
LAST,Ringo
LAST,Rios
LAST,Ripkowski
LAST,Ritcher
LAST,Ritter
LAST,Rivas
LAST,Rivera
LAST,Rivers
LAST,Roach
LAST,Rob
LAST,Robbie
LAST,Robbins
LAST,Roberson
LAST,Robert
LAST,Roberto
LAST,Roberts
LAST,Robertson
LAST,Robertson-Harris
LAST,Robey
LAST,Robinson
LAST,Robison
LAST,Robles
LAST,Roby
LAST,Rocha
LAST,Rocky
LAST,Rodgers
LAST,Rodgers-Cromartie
LAST,Rodrigo
LAST,Rodriguez
LAST,Rodriquez
LAST,Roenis
LAST,Roethlisberger
LAST,Roger
LAST,Rogers
LAST,Rojas
LAST,Rolle
LAST,Rollins
LAST,Roman
LAST,Romero
LAST,Romo
LAST,Ronald
LAST,Ronnier
LAST,Ronny
LAST,Rookie
LAST,Rosales
LAST,Rosario
LAST,Rosas
LAST,Rose
LAST,Rosell
LAST,Ross
LAST,Roth
LAST,Rotheram
LAST,Rougned
LAST,Roush
LAST,Rousseau
LAST,Rowe
LAST,Rowland
LAST,Roy
LAST,Royal
LAST,Rubby
LAST,Ruben
LAST,Rubin
LAST,Rubio
LAST,Rucker
LAST,Rudock
LAST,Rudolph
LAST,Rudy
LAST,Ruiz
LAST,Rush
LAST,Rusney
LAST,Russ
LAST,Russell
LAST,Russo
LAST,Ryan
LAST,Rymer
LAST,Ryon
LAST,Saffold
LAST,Sal
LAST,Salas
LAST,Salazar
LAST,Salinas
LAST,Salvador
LAST,Sam
LAST,Sambrailo
LAST,Sammy
LAST,Sample
LAST,Sampson
LAST,Samuel
LAST,Sanborn
LAST,Sanchez
LAST,Sanders
LAST,Sandland
LAST,Sandoval
LAST,Sandy
LAST,Sanford
LAST,Sankey
LAST,Santana
LAST,Santiago
LAST,Santos
LAST,Sanu
LAST,Sarao
LAST,Saunders
LAST,Savage
LAST,Sawyer
LAST,Saxton
LAST,Scales
LAST,Scandrick
LAST,Scanlon
LAST,Scarlett
LAST,Schaefer
LAST,Schaub
LAST,Scherer
LAST,Scherff
LAST,Scheu
LAST,Schmidt
LAST,Schmitt
LAST,Schneider
LAST,Schobert
LAST,Schoettmer
LAST,Schofield
LAST,Schraeder
LAST,Schroeder
LAST,Schultz
LAST,Schum
LAST,Schwartz
LAST,Schweitzer
LAST,Schwenke
LAST,Scifres
LAST,Scooter
LAST,Scott
LAST,Scruggs
LAST,Seamster
LAST,Sean
LAST,Searcy
LAST,Seastrunk
LAST,Seau
LAST,Seferian-Jenkins
LAST,Sefon
LAST,Seisay
LAST,Sellers
LAST,Semisch
LAST,Sendejo
LAST,Sensabaugh
LAST,Sergio
LAST,Serrano
LAST,Seth
LAST,Seumalo
LAST,Seung
LAST,Severin
LAST,Severino
LAST,Severson
LAST,Sexton
LAST,Seymour
LAST,Shabazz
LAST,Shae
LAST,Shaffer
LAST,Shah
LAST,Shane
LAST,Shannon
LAST,Sharp
LAST,Sharpe
LAST,Shatley
LAST,Shaughnessy
LAST,Shaun
LAST,Shaw
LAST,Shawn
LAST,Shazier
LAST,Shea
LAST,Shead
LAST,Sheard
LAST,Shelby
LAST,Shell
LAST,Shelton
LAST,Shepard
LAST,Shepherd
LAST,Sheppard
LAST,Sherels
LAST,Sherman
LAST,Shields
LAST,Shin-Soo
LAST,Shipley
LAST,Shippen
LAST,Shittu
LAST,Short
LAST,Shorts
LAST,Showers
LAST,Shuler
LAST,Shumate
LAST,Siemian
LAST,Sigler
LAST,Silatolu
LAST,Silberman
LAST,Silva
LAST,Silvino
LAST,Simmons
LAST,Simms
LAST,Simon
LAST,Simonise
LAST,Simonson
LAST,Simpson
LAST,Sims
LAST,Sinclair
LAST,Singh
LAST,Singleton
LAST,Sinkfield
LAST,Sirles
LAST,Sitton
LAST,Skinner
LAST,Skip
LAST,Skov
LAST,Skrine
LAST,Skura
LAST,Skuta
LAST,Slade
LAST,Slater
LAST,Slauson
LAST,Slay
LAST,Sledge
LAST,Sloan
LAST,Slocum
LAST,Small
LAST,Smallwood
LAST,Smelter
LAST,Smith
LAST,Snead
LAST,Snow
LAST,Snyder
LAST,Socrates
LAST,Solder
LAST,Soliai
LAST,Solis
LAST,Solomon
LAST,Sonny
LAST,Sorensen
LAST,Sosa
LAST,Soto
LAST,Southward
LAST,Spadola
LAST,Spaight
LAST,Spain
LAST,Sparks
LAST,Spear
LAST,Spears
LAST,Spence
LAST,Spencer
LAST,Spikes
LAST,Spiller
LAST,Spriggs
LAST,Sproles
LAST,Spruce
LAST,Square
LAST,Squirewell
LAST,Stafford
LAST,Staggs
LAST,Staley
LAST,Stanford
LAST,Stangby
LAST,Stanley
LAST,Stanton
LAST,Staples
LAST,Stark
LAST,Starks
LAST,Starlin
LAST,Starling
LAST,Starr
LAST,Staten
LAST,Stave
LAST,Steele
LAST,Steen
LAST,Stefen
LAST,Steffen
LAST,Stein
LAST,Steinberg
LAST,Stephen
LAST,Stephens
LAST,Stephenson
LAST,Sterling
LAST,Sterup
LAST,Steuck
LAST,Steve
LAST,Steven
LAST,Stevens
LAST,Stevenson
LAST,Steward
LAST,Stewart
LAST,Still
LAST,Stills
LAST,Stingily
LAST,Stinson
LAST,Stiverson
LAST,Stocker
LAST,Stokes
LAST,Stolmy
LAST,Stone
LAST,Stoneburner
LAST,Stork
LAST,Stoudermire
LAST,Stout
LAST,Streater
LAST,Street
LAST,Strickland
LAST,Strief
LAST,Striker
LAST,Strong
LAST,Stuart
LAST,Stuckey
LAST,Stupar
LAST,Sturgis
LAST,Su'a-Filo
LAST,Suarez
LAST,Succop
LAST,Sudfeld
LAST,Sugar
LAST,Suggs
LAST,Suh
LAST,Sulleyman
LAST,Sullivan
LAST,Summers
LAST,Sundberg
LAST,Sunseri
LAST,Supernaw
LAST,Sutton
LAST,Swaim
LAST,Swain
LAST,Swann
LAST,Swanson
LAST,Swearinger
LAST,Sweeney
LAST,Sweezy
LAST,Swindle
LAST,Swoope
LAST,Sylvestre
LAST,T.J.
LAST,Ta'amu
LAST,Taijuan
LAST,Taliaferro
LAST,Talib
LAST,Tamme
LAST,Tandy
LAST,Tannehill
LAST,Tanner
LAST,Tanney
LAST,Tapia
LAST,Tapp
LAST,Tapper
LAST,Tartt
LAST,Tate
LAST,Tavai
LAST,Tavarres
LAST,Tavecchio
LAST,Taylor
LAST,Tayron
LAST,Te'o
LAST,Telfer
LAST,Teofilo
LAST,Terrance
LAST,Terrell
LAST,Terry
LAST,Thad
LAST,Thatcher
LAST,Therezie
LAST,Theus
LAST,Thielen
LAST,Thomas
LAST,Thompkins
LAST,Thompson
LAST,Thornton
LAST,Thorpe
LAST,Thuney
LAST,Thurman
LAST,Tialavea
LAST,Tidwell
LAST,Tiller
LAST,Tim
LAST,Timmons
LAST,Timu
LAST,Tindal
LAST,Tinker
LAST,TJ
LAST,Tobin
LAST,Todd
LAST,Todman
LAST,Toilolo
LAST,Tolbert
LAST,Toler
LAST,Tolzien
LAST,Tom
LAST,Tomas
LAST,Tomlinson
LAST,Tommy
LAST,Toner
LAST,Tony
LAST,Toomer
LAST,Torii
LAST,Torres
LAST,Toru
LAST,Toussaint
LAST,Tovell
LAST,Townsend
LAST,Trail
LAST,Tran
LAST,Trattou
LAST,Travis
LAST,Trawick
LAST,Trayce
LAST,Traylor
LAST,Trayvon
LAST,Trea
LAST,Treadwell
LAST,Treggs
LAST,Tretola
LAST,Tretter
LAST,Trevathan
LAST,Trevino
LAST,Trevor
LAST,Trey
LAST,Trinca-Pasat
LAST,Tripp
LAST,Troy
LAST,Trufant
LAST,Trujillo
LAST,Tsuyoshi
LAST,Tucker
LAST,Tuerk
LAST,Tuffy
LAST,Tuggle
LAST,Tuitt
LAST,Tull
LAST,Tunsil
LAST,Turbin
LAST,Turner
LAST,Turney
LAST,Turzilli
LAST,Tye
LAST,Tyler
LAST,Tyrell
LAST,Tyson
LAST,Ubaldo
LAST,Ume-Ezeoke
LAST,Underwood
LAST,Unga
LAST,Unger
LAST,Unrein
LAST,Upshaw
LAST,Urban
LAST,Urbik
LAST,Urschel
LAST,Uzdavinis
LAST,Uzomah
LAST,Vaccaro
LAST,Vaeao
LAST,Vainuku
LAST,Vaitai
LAST,Valdez
LAST,Valencia
LAST,Valentine
LAST,Valenzuela
LAST,Valles
LAST,Van Dyk
LAST,Van Dyke
LAST,Van Noy
LAST,Vance
LAST,Vander Laan
LAST,Vang
LAST,Vargas
LAST,Vasquez
LAST,Vaughan
LAST,Vaughn
LAST,Vaughters
LAST,Vazquez
LAST,Vega
LAST,Velasco
LAST,Velasquez
LAST,Velazquez
LAST,Veldheer
LAST,Velez
LAST,Vellano
LAST,Vereen
LAST,Verner
LAST,Vernon
LAST,Verrett
LAST,Vic
LAST,Vicente
LAST,Victor
LAST,Vidal
LAST,Vigil
LAST,Villa
LAST,Villanueva
LAST,Villareal
LAST,Villarreal
LAST,Villegas
LAST,Vin
LAST,Vinatieri
LAST,Vince
LAST,Vincent
LAST,Vinnie
LAST,Vinopal
LAST,Vitale
LAST,Vollmer
LAST,Vujnovich
LAST,Waddle
LAST,Wade
LAST,Wagner
LAST,Wake
LAST,Wakefield
LAST,Walden
LAST,Walford
LAST,Walker
LAST,Wall
LAST,Wallace
LAST,Waller
LAST,Walls
LAST,Walsh
LAST,Walter
LAST,Walters
LAST,Walton
LAST,Wandy
LAST,Wang
LAST,Ward
LAST,Ware
LAST,Warford
LAST,Warmack
LAST,Warmsley
LAST,Warner
LAST,Warren
LAST,Warwick
LAST,Washington
LAST,Waters
LAST,Watford
LAST,Watkins
LAST,Watson
LAST,Watt
LAST,Watts
LAST,Way
LAST,Waynes
LAST,Weatherly
LAST,Weatherspoon
LAST,Weaver
LAST,Webb
LAST,Weber
LAST,Webster
LAST,Weddle
LAST,Weeden
LAST,Weeks
LAST,Weems
LAST,Wegher
LAST,Wei-Chung
LAST,Wei-Yin
LAST,Weidenaar
LAST,Weiser
LAST,Weiss
LAST,Welch
LAST,Welington
LAST,Wells
LAST,Wenning
LAST,Wentz
LAST,Werner
LAST,Wesley
LAST,West
LAST,Westbrook
LAST,Westbrooks
LAST,Wester
LAST,Westerman
LAST,Wetzel
LAST,Whalen
LAST,Wheaton
LAST,Wheeler
LAST,Whigham
LAST,Whit
LAST,Whitaker
LAST,White
LAST,Whitehair
LAST,Whitehead
LAST,Whitlock
LAST,Whitney
LAST,Whittaker
LAST,Whitworth
LAST,Wichmann
LAST,Wick
LAST,Wiggins
LAST,Wil
LAST,Wilber
LAST,Wilcox
LAST,Wilder
LAST,Wilds
LAST,Wile
LAST,Wiley
LAST,Wilfork
LAST,Wilfredo
LAST,Wilhoite
LAST,Wilin
LAST,Wilkerson
LAST,Wilkin
LAST,Wilking
LAST,Wilkins
LAST,Wilkinson
LAST,Will
LAST,William
LAST,Williams
LAST,Williamson
LAST,Willie
LAST,Willis
LAST,Willson
LAST,Willy
LAST,Wilmer
LAST,Wilson
LAST,Wilton
LAST,Wily
LAST,Winchester
LAST,Windt
LAST,Wing
LAST,Winn
LAST,Winston
LAST,Winters
LAST,Wirth
LAST,Wise
LAST,Wisniewski
LAST,Wittek
LAST,Witten
LAST,Witzmann
LAST,Wolf
LAST,Wolfe
LAST,Wolff
LAST,Wong
LAST,Wood
LAST,Woodard
LAST,Woodhead
LAST,Woods
LAST,Woodward
LAST,Woodyard
LAST,Worley
LAST,Worrilow
LAST,Worthy
LAST,Wray
LAST,Wreh-Wilson
LAST,Wright
LAST,Wu
LAST,Wujciak
LAST,Wyatt
LAST,Wynn
LAST,Wynton
LAST,Xander
LAST,Xavier
LAST,Yadiel
LAST,Yadier
LAST,Yan
LAST,Yanda
LAST,Yang
LAST,Yangervis
LAST,Yankey
LAST,Yankory
LAST,Yarbrough
LAST,Yasiel
LAST,Yasmani
LAST,Yasmany
LAST,Yates
LAST,Yefri
LAST,Yeldon
LAST,Yhonathan
LAST,Yimi
LAST,Yoder
LAST,Yoenis
LAST,Yoervis
LAST,Yohan
LAST,Yohander
LAST,Yonder
LAST,Yordano
LAST,York
LAST,Yorman
LAST,Yorvit
LAST,Yoslan
LAST,Young
LAST,Yovani
LAST,Yu
LAST,Yunel
LAST,Yunesky
LAST,Yusmeiro
LAST,Zac
LAST,Zach
LAST,Zack
LAST,Zamora
LAST,Zamort
LAST,Zavala
LAST,Zeitler
LAST,Zeke
LAST,Zelous
LAST,Zenner
LAST,Zettel
LAST,Zhang
LAST,Zimmer
LAST,Zimmerman
LAST,Zoilo
LAST,Zombo
LAST,Zuerlein
LAST,Zumwalt
LAST,Zuniga
LAST,Zuttah
MALE_FIRST,Aaron
MALE_FIRST,Abdul
MALE_FIRST,Abe
MALE_FIRST,Abel
MALE_FIRST,Abraham
MALE_FIRST,Abram
MALE_FIRST,Adalberto
MALE_FIRST,Adam
MALE_FIRST,Adan
MALE_FIRST,Adolfo
MALE_FIRST,Adolph
MALE_FIRST,Adrian
MALE_FIRST,Agustin
MALE_FIRST,Ahmad
MALE_FIRST,Ahmed
MALE_FIRST,Al
MALE_FIRST,Alan
MALE_FIRST,Albert
MALE_FIRST,Alberto
MALE_FIRST,Alden
MALE_FIRST,Aldo
MALE_FIRST,Alec
MALE_FIRST,Alejandro
MALE_FIRST,Alex
MALE_FIRST,Alexander
MALE_FIRST,Alexis
MALE_FIRST,Alfonso
MALE_FIRST,Alfonzo
MALE_FIRST,Alfred
MALE_FIRST,Alfredo
MALE_FIRST,Ali
MALE_FIRST,Allan
MALE_FIRST,Allen
MALE_FIRST,Alonso
MALE_FIRST,Alonzo
MALE_FIRST,Alphonse
MALE_FIRST,Alphonso
MALE_FIRST,Alton
MALE_FIRST,Alva
MALE_FIRST,Alvaro
MALE_FIRST,Alvin
MALE_FIRST,Amado
MALE_FIRST,Ambrose
MALE_FIRST,Amos
MALE_FIRST,Anderson
MALE_FIRST,Andre
MALE_FIRST,Andrea
MALE_FIRST,Andreas
MALE_FIRST,Andres
MALE_FIRST,Andrew
MALE_FIRST,Andy
MALE_FIRST,Angel
MALE_FIRST,Angelo
MALE_FIRST,Anibal
MALE_FIRST,Anthony
MALE_FIRST,Antione
MALE_FIRST,Antoine
MALE_FIRST,Anton
MALE_FIRST,Antone
MALE_FIRST,Antonia
MALE_FIRST,Antonio
MALE_FIRST,Antony
MALE_FIRST,Antwan
MALE_FIRST,Archie
MALE_FIRST,Arden
MALE_FIRST,Ariel
MALE_FIRST,Arlen
MALE_FIRST,Arlie
MALE_FIRST,Armand
MALE_FIRST,Armando
MALE_FIRST,Arnold
MALE_FIRST,Arnoldo
MALE_FIRST,Arnulfo
MALE_FIRST,Aron
MALE_FIRST,Arron
MALE_FIRST,Art
MALE_FIRST,Arthur
MALE_FIRST,Arturo
MALE_FIRST,Asa
MALE_FIRST,Ashley
MALE_FIRST,Aubrey
MALE_FIRST,August
MALE_FIRST,Augustine
MALE_FIRST,Augustus
MALE_FIRST,Aurelio
MALE_FIRST,Austin
MALE_FIRST,Avery
MALE_FIRST,Barney
MALE_FIRST,Barrett
MALE_FIRST,Barry
MALE_FIRST,Bart
MALE_FIRST,Barton
MALE_FIRST,Basil
MALE_FIRST,Beau
MALE_FIRST,Ben
MALE_FIRST,Benedict
MALE_FIRST,Benito
MALE_FIRST,Benjamin
MALE_FIRST,Bennett
MALE_FIRST,Bennie
MALE_FIRST,Benny
MALE_FIRST,Benton
MALE_FIRST,Bernard
MALE_FIRST,Bernardo
MALE_FIRST,Bernie
MALE_FIRST,Berry
MALE_FIRST,Bert
MALE_FIRST,Bertram
MALE_FIRST,Bill
MALE_FIRST,Billie
MALE_FIRST,Billy
MALE_FIRST,Blaine
MALE_FIRST,Blair
MALE_FIRST,Blake
MALE_FIRST,Bo
MALE_FIRST,Bob
MALE_FIRST,Bobbie
MALE_FIRST,Bobby
MALE_FIRST,Booker
MALE_FIRST,Boris
MALE_FIRST,Boyce
MALE_FIRST,Boyd
MALE_FIRST,Brad
MALE_FIRST,Bradford
MALE_FIRST,Bradley
MALE_FIRST,Bradly
MALE_FIRST,Brady
MALE_FIRST,Brain
MALE_FIRST,Branden
MALE_FIRST,Brandon
MALE_FIRST,Brant
MALE_FIRST,Brendan
MALE_FIRST,Brendon
MALE_FIRST,Brent
MALE_FIRST,Brenton
MALE_FIRST,Bret
MALE_FIRST,Brett
MALE_FIRST,Brian
MALE_FIRST,Brice
MALE_FIRST,Britt
MALE_FIRST,Brock
MALE_FIRST,Broderick
MALE_FIRST,Brooks
MALE_FIRST,Bruce
MALE_FIRST,Bruno
MALE_FIRST,Bryan
MALE_FIRST,Bryant
MALE_FIRST,Bryce
MALE_FIRST,Bryon
MALE_FIRST,Buck
MALE_FIRST,Bud
MALE_FIRST,Buddy
MALE_FIRST,Buford
MALE_FIRST,Burl
MALE_FIRST,Burt
MALE_FIRST,Burton
MALE_FIRST,Buster
MALE_FIRST,Byron
MALE_FIRST,Caleb
MALE_FIRST,Calvin
MALE_FIRST,Cameron
MALE_FIRST,Carey
MALE_FIRST,Carl
MALE_FIRST,Carlo
MALE_FIRST,Carlos
MALE_FIRST,Carlton
MALE_FIRST,Carmelo
MALE_FIRST,Carmen
MALE_FIRST,Carmine
MALE_FIRST,Carol
MALE_FIRST,Carrol
MALE_FIRST,Carroll
MALE_FIRST,Carson
MALE_FIRST,Carter
MALE_FIRST,Cary
MALE_FIRST,Casey
MALE_FIRST,Cecil
MALE_FIRST,Cedric
MALE_FIRST,Cedrick
MALE_FIRST,Cesar
MALE_FIRST,Chad
MALE_FIRST,Chadwick
MALE_FIRST,Chance
MALE_FIRST,Chang
MALE_FIRST,Charles
MALE_FIRST,Charley
MALE_FIRST,Charlie
MALE_FIRST,Chas
MALE_FIRST,Chase
MALE_FIRST,Chauncey
MALE_FIRST,Chester
MALE_FIRST,Chet
MALE_FIRST,Chi
MALE_FIRST,Chong
MALE_FIRST,Chris
MALE_FIRST,Christian
MALE_FIRST,Christoper
MALE_FIRST,Christopher
MALE_FIRST,Chuck
MALE_FIRST,Chung
MALE_FIRST,Clair
MALE_FIRST,Clarence
MALE_FIRST,Clark
MALE_FIRST,Claud
MALE_FIRST,Claude
MALE_FIRST,Claudio
MALE_FIRST,Clay
MALE_FIRST,Clayton
MALE_FIRST,Clement
MALE_FIRST,Clemente
MALE_FIRST,Cleo
MALE_FIRST,Cletus
MALE_FIRST,Cleveland
MALE_FIRST,Cliff
MALE_FIRST,Clifford
MALE_FIRST,Clifton
MALE_FIRST,Clint
MALE_FIRST,Clinton
MALE_FIRST,Clyde
MALE_FIRST,Cody
MALE_FIRST,Colby
MALE_FIRST,Cole
MALE_FIRST,Coleman
MALE_FIRST,Colin
MALE_FIRST,Collin
MALE_FIRST,Colton
MALE_FIRST,Columbus
MALE_FIRST,Connie
MALE_FIRST,Conrad
MALE_FIRST,Cordell
MALE_FIRST,Corey
MALE_FIRST,Cornelius
MALE_FIRST,Cornell
MALE_FIRST,Cortez
MALE_FIRST,Cory
MALE_FIRST,Courtney
MALE_FIRST,Coy
MALE_FIRST,Craig
MALE_FIRST,Cristobal
MALE_FIRST,Cristopher
MALE_FIRST,Cruz
MALE_FIRST,Curt
MALE_FIRST,Curtis
MALE_FIRST,Cyril
MALE_FIRST,Cyrus
MALE_FIRST,Dale
MALE_FIRST,Dallas
MALE_FIRST,Dalton
MALE_FIRST,Damian
MALE_FIRST,Damien
MALE_FIRST,Damion
MALE_FIRST,Damon
MALE_FIRST,Dan
MALE_FIRST,Dana
MALE_FIRST,Dane
MALE_FIRST,Danial
MALE_FIRST,Daniel
MALE_FIRST,Danilo
MALE_FIRST,Dannie
MALE_FIRST,Danny
MALE_FIRST,Dante
MALE_FIRST,Darell
MALE_FIRST,Daren
MALE_FIRST,Darin
MALE_FIRST,Dario
MALE_FIRST,Darius
MALE_FIRST,Darnell
MALE_FIRST,Daron
MALE_FIRST,Darrel
MALE_FIRST,Darrell
MALE_FIRST,Darren
MALE_FIRST,Darrick
MALE_FIRST,Darrin
MALE_FIRST,Darron
MALE_FIRST,Darryl
MALE_FIRST,Darwin
MALE_FIRST,Daryl
MALE_FIRST,Dave
MALE_FIRST,David
MALE_FIRST,Davis
MALE_FIRST,Dean
MALE_FIRST,Deandre
MALE_FIRST,Deangelo
MALE_FIRST,Dee
MALE_FIRST,Del
MALE_FIRST,Delbert
MALE_FIRST,Delmar
MALE_FIRST,Delmer
MALE_FIRST,Demarcus
MALE_FIRST,Demetrius
MALE_FIRST,Denis
MALE_FIRST,Dennis
MALE_FIRST,Denny
MALE_FIRST,Denver
MALE_FIRST,Deon
MALE_FIRST,Derek
MALE_FIRST,Derick
MALE_FIRST,Derrick
MALE_FIRST,Deshawn
MALE_FIRST,Desmond
MALE_FIRST,Devin
MALE_FIRST,Devon
MALE_FIRST,Dewayne
MALE_FIRST,Dewey
MALE_FIRST,Dewitt
MALE_FIRST,Dexter
MALE_FIRST,Dick
MALE_FIRST,Diego
MALE_FIRST,Dillon
MALE_FIRST,Dino
MALE_FIRST,Dion
MALE_FIRST,Dirk
MALE_FIRST,Domenic
MALE_FIRST,Domingo
MALE_FIRST,Dominic
MALE_FIRST,Dominick
MALE_FIRST,Dominique
MALE_FIRST,Don
MALE_FIRST,Donald
MALE_FIRST,Dong
MALE_FIRST,Donn
MALE_FIRST,Donnell
MALE_FIRST,Donnie
MALE_FIRST,Donny
MALE_FIRST,Donovan
MALE_FIRST,Donte
MALE_FIRST,Dorian
MALE_FIRST,Dorsey
MALE_FIRST,Doug
MALE_FIRST,Douglas
MALE_FIRST,Douglass
MALE_FIRST,Doyle
MALE_FIRST,Drew
MALE_FIRST,Duane
MALE_FIRST,Dudley
MALE_FIRST,Duncan
MALE_FIRST,Dustin
MALE_FIRST,Dusty
MALE_FIRST,Dwain
MALE_FIRST,Dwayne
MALE_FIRST,Dwight
MALE_FIRST,Dylan
MALE_FIRST,Earl
MALE_FIRST,Earle
MALE_FIRST,Earnest
MALE_FIRST,Ed
MALE_FIRST,Eddie
MALE_FIRST,Eddy
MALE_FIRST,Edgar
MALE_FIRST,Edgardo
MALE_FIRST,Edison
MALE_FIRST,Edmond
MALE_FIRST,Edmund
MALE_FIRST,Edmundo
MALE_FIRST,Eduardo
MALE_FIRST,Edward
MALE_FIRST,Edwardo
MALE_FIRST,Edwin
MALE_FIRST,Efrain
MALE_FIRST,Efren
MALE_FIRST,Elbert
MALE_FIRST,Elden
MALE_FIRST,Eldon
MALE_FIRST,Eldridge
MALE_FIRST,Eli
MALE_FIRST,Elias
MALE_FIRST,Elijah
MALE_FIRST,Eliseo
MALE_FIRST,Elisha
MALE_FIRST,Elliot
MALE_FIRST,Elliott
MALE_FIRST,Ellis
MALE_FIRST,Ellsworth
MALE_FIRST,Elmer
MALE_FIRST,Elmo
MALE_FIRST,Eloy
MALE_FIRST,Elroy
MALE_FIRST,Elton
MALE_FIRST,Elvin
MALE_FIRST,Elvis
MALE_FIRST,Elwood
MALE_FIRST,Emanuel
MALE_FIRST,Emerson
MALE_FIRST,Emery
MALE_FIRST,Emil
MALE_FIRST,Emile
MALE_FIRST,Emilio
MALE_FIRST,Emmanuel
MALE_FIRST,Emmett
MALE_FIRST,Emmitt
MALE_FIRST,Emory
MALE_FIRST,Enoch
MALE_FIRST,Enrique
MALE_FIRST,Erasmo
MALE_FIRST,Eric
MALE_FIRST,Erich
MALE_FIRST,Erick
MALE_FIRST,Erik
MALE_FIRST,Erin
MALE_FIRST,Ernest
MALE_FIRST,Ernesto
MALE_FIRST,Ernie
MALE_FIRST,Errol
MALE_FIRST,Ervin
MALE_FIRST,Erwin
MALE_FIRST,Esteban
MALE_FIRST,Ethan
MALE_FIRST,Eugene
MALE_FIRST,Eugenio
MALE_FIRST,Eusebio
MALE_FIRST,Evan
MALE_FIRST,Everett
MALE_FIRST,Everette
MALE_FIRST,Ezekiel
MALE_FIRST,Ezequiel
MALE_FIRST,Ezra
MALE_FIRST,Fabian
MALE_FIRST,Faustino
MALE_FIRST,Fausto
MALE_FIRST,Federico
MALE_FIRST,Felipe
MALE_FIRST,Felix
MALE_FIRST,Felton
MALE_FIRST,Ferdinand
MALE_FIRST,Fermin
MALE_FIRST,Fernando
MALE_FIRST,Fidel
MALE_FIRST,Filiberto
MALE_FIRST,Fletcher
MALE_FIRST,Florencio
MALE_FIRST,Florentino
MALE_FIRST,Floyd
MALE_FIRST,Forest
MALE_FIRST,Forrest
MALE_FIRST,Foster
MALE_FIRST,Frances
MALE_FIRST,Francesco
MALE_FIRST,Francis
MALE_FIRST,Francisco
MALE_FIRST,Frank
MALE_FIRST,Frankie
MALE_FIRST,Franklin
MALE_FIRST,Franklyn
MALE_FIRST,Fred
MALE_FIRST,Freddie
MALE_FIRST,Freddy
MALE_FIRST,Frederic
MALE_FIRST,Frederick
MALE_FIRST,Fredric
MALE_FIRST,Fredrick
MALE_FIRST,Freeman
MALE_FIRST,Fritz
MALE_FIRST,Gabriel
MALE_FIRST,Gail
MALE_FIRST,Gale
MALE_FIRST,Galen
MALE_FIRST,Garfield
MALE_FIRST,Garland
MALE_FIRST,Garret
MALE_FIRST,Garrett
MALE_FIRST,Garry
MALE_FIRST,Garth
MALE_FIRST,Gary
MALE_FIRST,Gaston
MALE_FIRST,Gavin
MALE_FIRST,Gayle
MALE_FIRST,Gaylord
MALE_FIRST,Genaro
MALE_FIRST,Gene
MALE_FIRST,Geoffrey
MALE_FIRST,George
MALE_FIRST,Gerald
MALE_FIRST,Geraldo
MALE_FIRST,Gerard
MALE_FIRST,Gerardo
MALE_FIRST,German
MALE_FIRST,Gerry
MALE_FIRST,Gil
MALE_FIRST,Gilbert
MALE_FIRST,Gilberto
MALE_FIRST,Gino
MALE_FIRST,Giovanni
MALE_FIRST,Giuseppe
MALE_FIRST,Glen
MALE_FIRST,Glenn
MALE_FIRST,Gonzalo
MALE_FIRST,Gordon
MALE_FIRST,Grady
MALE_FIRST,Graham
MALE_FIRST,Graig
MALE_FIRST,Grant
MALE_FIRST,Granville
MALE_FIRST,Greg
MALE_FIRST,Gregg
MALE_FIRST,Gregorio
MALE_FIRST,Gregory
MALE_FIRST,Grover
MALE_FIRST,Guadalupe
MALE_FIRST,Guillermo
MALE_FIRST,Gus
MALE_FIRST,Gustavo
MALE_FIRST,Guy
MALE_FIRST,Hai
MALE_FIRST,Hal
MALE_FIRST,Hank
MALE_FIRST,Hans
MALE_FIRST,Harlan
MALE_FIRST,Harland
MALE_FIRST,Harley
MALE_FIRST,Harold
MALE_FIRST,Harris
MALE_FIRST,Harrison
MALE_FIRST,Harry
MALE_FIRST,Harvey
MALE_FIRST,Hassan
MALE_FIRST,Hayden
MALE_FIRST,Haywood
MALE_FIRST,Heath
MALE_FIRST,Hector
MALE_FIRST,Henry
MALE_FIRST,Herb
MALE_FIRST,Herbert
MALE_FIRST,Heriberto
MALE_FIRST,Herman
MALE_FIRST,Herschel
MALE_FIRST,Hershel
MALE_FIRST,Hilario
MALE_FIRST,Hilton
MALE_FIRST,Hipolito
MALE_FIRST,Hiram
MALE_FIRST,Hobert
MALE_FIRST,Hollis
MALE_FIRST,Homer
MALE_FIRST,Hong
MALE_FIRST,Horace
MALE_FIRST,Horacio
MALE_FIRST,Hosea
MALE_FIRST,Houston
MALE_FIRST,Howard
MALE_FIRST,Hoyt
MALE_FIRST,Hubert
MALE_FIRST,Huey
MALE_FIRST,Hugh
MALE_FIRST,Hugo
MALE_FIRST,Humberto
MALE_FIRST,Hung
MALE_FIRST,Hunter
MALE_FIRST,Hyman
MALE_FIRST,Ian
MALE_FIRST,Ignacio
MALE_FIRST,Ike
MALE_FIRST,Ira
MALE_FIRST,Irvin
MALE_FIRST,Irving
MALE_FIRST,Irwin
MALE_FIRST,Isaac
MALE_FIRST,Isaiah
MALE_FIRST,Isaias
MALE_FIRST,Isiah
MALE_FIRST,Isidro
MALE_FIRST,Ismael
MALE_FIRST,Israel
MALE_FIRST,Isreal
MALE_FIRST,Issac
MALE_FIRST,Ivan
MALE_FIRST,Ivory
MALE_FIRST,Jacinto
MALE_FIRST,Jack
MALE_FIRST,Jackie
MALE_FIRST,Jackson
MALE_FIRST,Jacob
MALE_FIRST,Jacques
MALE_FIRST,Jae
MALE_FIRST,Jaime
MALE_FIRST,Jake
MALE_FIRST,Jamaal
MALE_FIRST,Jamal
MALE_FIRST,Jamar
MALE_FIRST,Jame
MALE_FIRST,Jamel
MALE_FIRST,James
MALE_FIRST,Jamey
MALE_FIRST,Jamie
MALE_FIRST,Jamison
MALE_FIRST,Jan
MALE_FIRST,Jared
MALE_FIRST,Jarod
MALE_FIRST,Jarred
MALE_FIRST,Jarrett
MALE_FIRST,Jarrod
MALE_FIRST,Jarvis
MALE_FIRST,Jason
MALE_FIRST,Jasper
MALE_FIRST,Javier
MALE_FIRST,Jay
MALE_FIRST,Jayson
MALE_FIRST,Jc
MALE_FIRST,Jean
MALE_FIRST,Jed
MALE_FIRST,Jeff
MALE_FIRST,Jefferey
MALE_FIRST,Jefferson
MALE_FIRST,Jeffery
MALE_FIRST,Jeffrey
MALE_FIRST,Jeffry
MALE_FIRST,Jerald
MALE_FIRST,Jeramy
MALE_FIRST,Jere
MALE_FIRST,Jeremiah
MALE_FIRST,Jeremy
MALE_FIRST,Jermaine
MALE_FIRST,Jerold
MALE_FIRST,Jerome
MALE_FIRST,Jeromy
MALE_FIRST,Jerrell
MALE_FIRST,Jerrod
MALE_FIRST,Jerrold
MALE_FIRST,Jerry
MALE_FIRST,Jess
MALE_FIRST,Jesse
MALE_FIRST,Jessie
MALE_FIRST,Jesus
MALE_FIRST,Jewel
MALE_FIRST,Jewell
MALE_FIRST,Jim
MALE_FIRST,Jimmie
MALE_FIRST,Jimmy
MALE_FIRST,Joan
MALE_FIRST,Joaquin
MALE_FIRST,Jody
MALE_FIRST,Joe
MALE_FIRST,Joel
MALE_FIRST,Joesph
MALE_FIRST,Joey
MALE_FIRST,John
MALE_FIRST,Johnathan
MALE_FIRST,Johnathon
MALE_FIRST,Johnie
MALE_FIRST,Johnnie
MALE_FIRST,Johnny
MALE_FIRST,Johnson
MALE_FIRST,Jon
MALE_FIRST,Jonah
MALE_FIRST,Jonas
MALE_FIRST,Jonathan
MALE_FIRST,Jonathon
MALE_FIRST,Jordan
MALE_FIRST,Jordon
MALE_FIRST,Jorge
MALE_FIRST,Jose
MALE_FIRST,Josef
MALE_FIRST,Joseph
MALE_FIRST,Josh
MALE_FIRST,Joshua
MALE_FIRST,Josiah
MALE_FIRST,Jospeh
MALE_FIRST,Josue
MALE_FIRST,Juan
MALE_FIRST,Jude
MALE_FIRST,Judson
MALE_FIRST,Jules
MALE_FIRST,Julian
MALE_FIRST,Julio
MALE_FIRST,Julius
MALE_FIRST,Junior
MALE_FIRST,Justin
MALE_FIRST,Kareem
MALE_FIRST,Karl
MALE_FIRST,Kasey
MALE_FIRST,Keenan
MALE_FIRST,Keith
MALE_FIRST,Kelley
MALE_FIRST,Kelly
MALE_FIRST,Kelvin
MALE_FIRST,Ken
MALE_FIRST,Kendall
MALE_FIRST,Kendrick
MALE_FIRST,Keneth
MALE_FIRST,Kenneth
MALE_FIRST,Kennith
MALE_FIRST,Kenny
MALE_FIRST,Kent
MALE_FIRST,Kenton
MALE_FIRST,Kermit
MALE_FIRST,Kerry
MALE_FIRST,Keven
MALE_FIRST,Kevin
MALE_FIRST,Kieth
MALE_FIRST,Kim
MALE_FIRST,King
MALE_FIRST,Kip
MALE_FIRST,Kirby
MALE_FIRST,Kirk
MALE_FIRST,Korey
MALE_FIRST,Kory
MALE_FIRST,Kraig
MALE_FIRST,Kris
MALE_FIRST,Kristofer
MALE_FIRST,Kristopher
MALE_FIRST,Kurt
MALE_FIRST,Kurtis
MALE_FIRST,Kyle
MALE_FIRST,Lacy
MALE_FIRST,Lamar
MALE_FIRST,Lamont
MALE_FIRST,Lance
MALE_FIRST,Landon
MALE_FIRST,Lane
MALE_FIRST,Lanny
MALE_FIRST,Larry
MALE_FIRST,Lauren
MALE_FIRST,Laurence
MALE_FIRST,Lavern
MALE_FIRST,Laverne
MALE_FIRST,Lawerence
MALE_FIRST,Lawrence
MALE_FIRST,Lazaro
MALE_FIRST,Leandro
MALE_FIRST,Lee
MALE_FIRST,Leif
MALE_FIRST,Leigh
MALE_FIRST,Leland
MALE_FIRST,Lemuel
MALE_FIRST,Len
MALE_FIRST,Lenard
MALE_FIRST,Lenny
MALE_FIRST,Leo
MALE_FIRST,Leon
MALE_FIRST,Leonard
MALE_FIRST,Leonardo
MALE_FIRST,Leonel
MALE_FIRST,Leopoldo
MALE_FIRST,Leroy
MALE_FIRST,Les
MALE_FIRST,Lesley
MALE_FIRST,Leslie
MALE_FIRST,Lester
MALE_FIRST,Levi
MALE_FIRST,Lewis
MALE_FIRST,Lincoln
MALE_FIRST,Lindsay
MALE_FIRST,Lindsey
MALE_FIRST,Lino
MALE_FIRST,Linwood
MALE_FIRST,Lionel
MALE_FIRST,Lloyd
MALE_FIRST,Logan
MALE_FIRST,Lon
MALE_FIRST,Long
MALE_FIRST,Lonnie
MALE_FIRST,Lonny
MALE_FIRST,Loren
MALE_FIRST,Lorenzo
MALE_FIRST,Lou
MALE_FIRST,Louie
MALE_FIRST,Louis
MALE_FIRST,Lowell
MALE_FIRST,Loyd
MALE_FIRST,Lucas
MALE_FIRST,Luciano
MALE_FIRST,Lucien
MALE_FIRST,Lucio
MALE_FIRST,Lucius
MALE_FIRST,Luigi
MALE_FIRST,Luis
MALE_FIRST,Luke
MALE_FIRST,Lupe
MALE_FIRST,Luther
MALE_FIRST,Lyle
MALE_FIRST,Lyman
MALE_FIRST,Lyndon
MALE_FIRST,Lynn
MALE_FIRST,Lynwood
MALE_FIRST,Mac
MALE_FIRST,Mack
MALE_FIRST,Major
MALE_FIRST,Malcolm
MALE_FIRST,Malcom
MALE_FIRST,Malik
MALE_FIRST,Man
MALE_FIRST,Manual
MALE_FIRST,Manuel
MALE_FIRST,Marc
MALE_FIRST,Marcel
MALE_FIRST,Marcelino
MALE_FIRST,Marcellus
MALE_FIRST,Marcelo
MALE_FIRST,Marco
MALE_FIRST,Marcos
MALE_FIRST,Marcus
MALE_FIRST,Margarito
MALE_FIRST,Maria
MALE_FIRST,Mariano
MALE_FIRST,Mario
MALE_FIRST,Marion
MALE_FIRST,Mark
MALE_FIRST,Markus
MALE_FIRST,Marlin
MALE_FIRST,Marlon
MALE_FIRST,Marquis
MALE_FIRST,Marshall
MALE_FIRST,Martin
MALE_FIRST,Marty
MALE_FIRST,Marvin
MALE_FIRST,Mary
MALE_FIRST,Mason
MALE_FIRST,Mathew
MALE_FIRST,Matt
MALE_FIRST,Matthew
MALE_FIRST,Maurice
MALE_FIRST,Mauricio
MALE_FIRST,Mauro
MALE_FIRST,Max
MALE_FIRST,Maximo
MALE_FIRST,Maxwell
MALE_FIRST,Maynard
MALE_FIRST,Mckinley
MALE_FIRST,Mel
MALE_FIRST,Melvin
MALE_FIRST,Merle
MALE_FIRST,Merlin
MALE_FIRST,Merrill
MALE_FIRST,Mervin
MALE_FIRST,Micah
MALE_FIRST,Michael
MALE_FIRST,Michal
MALE_FIRST,Michale
MALE_FIRST,Micheal
MALE_FIRST,Michel
MALE_FIRST,Mickey
MALE_FIRST,Miguel
MALE_FIRST,Mike
MALE_FIRST,Mikel
MALE_FIRST,Milan
MALE_FIRST,Miles
MALE_FIRST,Milford
MALE_FIRST,Millard
MALE_FIRST,Milo
MALE_FIRST,Milton
MALE_FIRST,Minh
MALE_FIRST,Miquel
MALE_FIRST,Mitch
MALE_FIRST,Mitchel
MALE_FIRST,Mitchell
MALE_FIRST,Modesto
MALE_FIRST,Mohamed
MALE_FIRST,Mohammad
MALE_FIRST,Mohammed
MALE_FIRST,Moises
MALE_FIRST,Monroe
MALE_FIRST,Monte
MALE_FIRST,Monty
MALE_FIRST,Morgan
MALE_FIRST,Morris
MALE_FIRST,Morton
MALE_FIRST,Mose
MALE_FIRST,Moses
MALE_FIRST,Moshe
MALE_FIRST,Murray
MALE_FIRST,Myles
MALE_FIRST,Myron
MALE_FIRST,Napoleon
MALE_FIRST,Nathan
MALE_FIRST,Nathanael
MALE_FIRST,Nathanial
MALE_FIRST,Nathaniel
MALE_FIRST,Neal
MALE_FIRST,Ned
MALE_FIRST,Neil
MALE_FIRST,Nelson
MALE_FIRST,Nestor
MALE_FIRST,Neville
MALE_FIRST,Newton
MALE_FIRST,Nicholas
MALE_FIRST,Nick
MALE_FIRST,Nickolas
MALE_FIRST,Nicky
MALE_FIRST,Nicolas
MALE_FIRST,Nigel
MALE_FIRST,Noah
MALE_FIRST,Noble
MALE_FIRST,Noe
MALE_FIRST,Noel
MALE_FIRST,Nolan
MALE_FIRST,Norbert
MALE_FIRST,Norberto
MALE_FIRST,Norman
MALE_FIRST,Normand
MALE_FIRST,Norris
MALE_FIRST,Numbers
MALE_FIRST,Octavio
MALE_FIRST,Odell
MALE_FIRST,Odis
MALE_FIRST,Olen
MALE_FIRST,Olin
MALE_FIRST,Oliver
MALE_FIRST,Ollie
MALE_FIRST,Omar
MALE_FIRST,Omer
MALE_FIRST,Oren
MALE_FIRST,Orlando
MALE_FIRST,Orval
MALE_FIRST,Orville
MALE_FIRST,Oscar
MALE_FIRST,Osvaldo
MALE_FIRST,Oswaldo
MALE_FIRST,Otha
MALE_FIRST,Otis
MALE_FIRST,Otto
MALE_FIRST,Owen
MALE_FIRST,Pablo
MALE_FIRST,Palmer
MALE_FIRST,Paris
MALE_FIRST,Parker
MALE_FIRST,Pasquale
MALE_FIRST,Pat
MALE_FIRST,Patricia
MALE_FIRST,Patrick
MALE_FIRST,Paul
MALE_FIRST,Pedro
MALE_FIRST,Percy
MALE_FIRST,Perry
MALE_FIRST,Pete
MALE_FIRST,Peter
MALE_FIRST,Phil
MALE_FIRST,Philip
MALE_FIRST,Phillip
MALE_FIRST,Pierre
MALE_FIRST,Porfirio
MALE_FIRST,Porter
MALE_FIRST,Preston
MALE_FIRST,Prince
MALE_FIRST,Quentin
MALE_FIRST,Quincy
MALE_FIRST,Quinn
MALE_FIRST,Quintin
MALE_FIRST,Quinton
MALE_FIRST,Rafael
MALE_FIRST,Raleigh
MALE_FIRST,Ralph
MALE_FIRST,Ramiro
MALE_FIRST,Ramon
MALE_FIRST,Randal
MALE_FIRST,Randall
MALE_FIRST,Randell
MALE_FIRST,Randolph
MALE_FIRST,Randy
MALE_FIRST,Raphael
MALE_FIRST,Rashad
MALE_FIRST,Raul
MALE_FIRST,Ray
MALE_FIRST,Rayford
MALE_FIRST,Raymon
MALE_FIRST,Raymond
MALE_FIRST,Raymundo
MALE_FIRST,Reed
MALE_FIRST,Refugio
MALE_FIRST,Reggie
MALE_FIRST,Reginald
MALE_FIRST,Reid
MALE_FIRST,Reinaldo
MALE_FIRST,Renaldo
MALE_FIRST,Renato
MALE_FIRST,Rene
MALE_FIRST,Reuben
MALE_FIRST,Rex
MALE_FIRST,Rey
MALE_FIRST,Reyes
MALE_FIRST,Reynaldo
MALE_FIRST,Rhett
MALE_FIRST,Ricardo
MALE_FIRST,Rich
MALE_FIRST,Richard
MALE_FIRST,Richie
MALE_FIRST,Rick
MALE_FIRST,Rickey
MALE_FIRST,Rickie
MALE_FIRST,Ricky
MALE_FIRST,Rico
MALE_FIRST,Rigoberto
MALE_FIRST,Riley
MALE_FIRST,Rob
MALE_FIRST,Robbie
MALE_FIRST,Robby
MALE_FIRST,Robert
MALE_FIRST,Roberto
MALE_FIRST,Robin
MALE_FIRST,Robt
MALE_FIRST,Rocco
MALE_FIRST,Rocky
MALE_FIRST,Rod
MALE_FIRST,Roderick
MALE_FIRST,Rodger
MALE_FIRST,Rodney
MALE_FIRST,Rodolfo
MALE_FIRST,Rodrick
MALE_FIRST,Rodrigo
MALE_FIRST,Rogelio
MALE_FIRST,Roger
MALE_FIRST,Roland
MALE_FIRST,Rolando
MALE_FIRST,Rolf
MALE_FIRST,Rolland
MALE_FIRST,Roman
MALE_FIRST,Romeo
MALE_FIRST,Ron
MALE_FIRST,Ronald
MALE_FIRST,Ronnie
MALE_FIRST,Ronny
MALE_FIRST,Roosevelt
MALE_FIRST,Rory
MALE_FIRST,Rosario
MALE_FIRST,Roscoe
MALE_FIRST,Rosendo
MALE_FIRST,Ross
MALE_FIRST,Roy
MALE_FIRST,Royal
MALE_FIRST,Royce
MALE_FIRST,Ruben
MALE_FIRST,Rubin
MALE_FIRST,Rudolf
MALE_FIRST,Rudolph
MALE_FIRST,Rudy
MALE_FIRST,Rueben
MALE_FIRST,Rufus
MALE_FIRST,Rupert
MALE_FIRST,Russ
MALE_FIRST,Russel
MALE_FIRST,Russell
MALE_FIRST,Rusty
MALE_FIRST,Ryan
MALE_FIRST,Sal
MALE_FIRST,Salvador
MALE_FIRST,Salvatore
MALE_FIRST,Sam
MALE_FIRST,Sammie
MALE_FIRST,Sammy
MALE_FIRST,Samual
MALE_FIRST,Samuel
MALE_FIRST,Sandy
MALE_FIRST,Sanford
MALE_FIRST,Sang
MALE_FIRST,Santiago
MALE_FIRST,Santo
MALE_FIRST,Santos
MALE_FIRST,Saul
MALE_FIRST,Scot
MALE_FIRST,Scott
MALE_FIRST,Scottie
MALE_FIRST,Scotty
MALE_FIRST,Sean
MALE_FIRST,Sebastian
MALE_FIRST,Sergio
MALE_FIRST,Seth
MALE_FIRST,Seymour
MALE_FIRST,Shad
MALE_FIRST,Shane
MALE_FIRST,Shannon
MALE_FIRST,Shaun
MALE_FIRST,Shawn
MALE_FIRST,Shayne
MALE_FIRST,Shelby
MALE_FIRST,Sheldon
MALE_FIRST,Shelton
MALE_FIRST,Sherman
MALE_FIRST,Sherwood
MALE_FIRST,Shirley
MALE_FIRST,Shon
MALE_FIRST,Sid
MALE_FIRST,Sidney
MALE_FIRST,Silas
MALE_FIRST,Simon
MALE_FIRST,Sol
MALE_FIRST,Solomon
MALE_FIRST,Son
MALE_FIRST,Sonny
MALE_FIRST,Spencer
MALE_FIRST,Stacey
MALE_FIRST,Stacy
MALE_FIRST,Stan
MALE_FIRST,Stanford
MALE_FIRST,Stanley
MALE_FIRST,Stanton
MALE_FIRST,Stefan
MALE_FIRST,Stephan
MALE_FIRST,Stephen
MALE_FIRST,Sterling
MALE_FIRST,Steve
MALE_FIRST,Steven
MALE_FIRST,Stevie
MALE_FIRST,Stewart
MALE_FIRST,Stuart
MALE_FIRST,Sung
MALE_FIRST,Sydney
MALE_FIRST,Sylvester
MALE_FIRST,Tad
MALE_FIRST,Tanner
MALE_FIRST,Taylor
MALE_FIRST,Ted
MALE_FIRST,Teddy
MALE_FIRST,Teodoro
MALE_FIRST,Terence
MALE_FIRST,Terrance
MALE_FIRST,Terrell
MALE_FIRST,Terrence
MALE_FIRST,Terry
MALE_FIRST,Thad
MALE_FIRST,Thaddeus
MALE_FIRST,Thanh
MALE_FIRST,Theo
MALE_FIRST,Theodore
MALE_FIRST,Theron
MALE_FIRST,Thomas
MALE_FIRST,Thurman
MALE_FIRST,Tim
MALE_FIRST,Timmy
MALE_FIRST,Timothy
MALE_FIRST,Titus
MALE_FIRST,Tobias
MALE_FIRST,Toby
MALE_FIRST,Tod
MALE_FIRST,Todd
MALE_FIRST,Tom
MALE_FIRST,Tomas
MALE_FIRST,Tommie
MALE_FIRST,Tommy
MALE_FIRST,Toney
MALE_FIRST,Tony
MALE_FIRST,Tory
MALE_FIRST,Tracey
MALE_FIRST,Tracy
MALE_FIRST,Travis
MALE_FIRST,Trent
MALE_FIRST,Trenton
MALE_FIRST,Trevor
MALE_FIRST,Trey
MALE_FIRST,Trinidad
MALE_FIRST,Tristan
MALE_FIRST,Troy
MALE_FIRST,Truman
MALE_FIRST,Tuan
MALE_FIRST,Ty
MALE_FIRST,Tyler
MALE_FIRST,Tyree
MALE_FIRST,Tyrell
MALE_FIRST,Tyron
MALE_FIRST,Tyrone
MALE_FIRST,Tyson
MALE_FIRST,Ulysses
MALE_FIRST,Val
MALE_FIRST,Valentin
MALE_FIRST,Valentine
MALE_FIRST,Van
MALE_FIRST,Vance
MALE_FIRST,Vaughn
MALE_FIRST,Vern
MALE_FIRST,Vernon
MALE_FIRST,Vicente
MALE_FIRST,Victor
MALE_FIRST,Vince
MALE_FIRST,Vincent
MALE_FIRST,Vincenzo
MALE_FIRST,Virgil
MALE_FIRST,Virgilio
MALE_FIRST,Vito
MALE_FIRST,Von
MALE_FIRST,Wade
MALE_FIRST,Waldo
MALE_FIRST,Walker
MALE_FIRST,Wallace
MALE_FIRST,Wally
MALE_FIRST,Walter
MALE_FIRST,Walton
MALE_FIRST,Ward
MALE_FIRST,Warner
MALE_FIRST,Warren
MALE_FIRST,Waylon
MALE_FIRST,Wayne
MALE_FIRST,Weldon
MALE_FIRST,Wendell
MALE_FIRST,Werner
MALE_FIRST,Wes
MALE_FIRST,Wesley
MALE_FIRST,Weston
MALE_FIRST,Whitney
MALE_FIRST,Wilber
MALE_FIRST,Wilbert
MALE_FIRST,Wilbur
MALE_FIRST,Wilburn
MALE_FIRST,Wiley
MALE_FIRST,Wilford
MALE_FIRST,Wilfred
MALE_FIRST,Wilfredo
MALE_FIRST,Will
MALE_FIRST,Willard
MALE_FIRST,William
MALE_FIRST,Williams
MALE_FIRST,Willian
MALE_FIRST,Willie
MALE_FIRST,Willis
MALE_FIRST,Willy
MALE_FIRST,Wilmer
MALE_FIRST,Wilson
MALE_FIRST,Wilton
MALE_FIRST,Winford
MALE_FIRST,Winfred
MALE_FIRST,Winston
MALE_FIRST,Wm
MALE_FIRST,Woodrow
MALE_FIRST,Wyatt
MALE_FIRST,Xavier
MALE_FIRST,Yong
MALE_FIRST,Young
MALE_FIRST,Zachariah
MALE_FIRST,Zachary
MALE_FIRST,Zachery
MALE_FIRST,Zack
MALE_FIRST,Zackary
MALE_FIRST,Zane
