Trade Date,Nyse Tape A,Nyse Arca Tape A,Nyse American Tape A,Nyse National Tape A,Nyse Chicago Tape A,Consolidated Tape A,Nyse Tape B,Nyse Arca Tape B,Nyse American Tape B,Nyse National Tape B,Nyse Chicago Tape B,Consolidated Tape B,Nyse Tape C,Nyse Arca Tape C,Nyse American Tape C,Nyse National Tape C,Nyse Chicago Tape C,Consolidated Tape C
20211022,765.1,188.2,10.9,50.9,13.9,"3,759.9",41.6,275.8,28.1,29.1,4.5,"1,686.8",55.5,524.8,9.4,28.7,4.9,"5,775.8"
20211021,832.8,194.0,12.5,44.6,12.5,"3,826.1",31.1,242.3,24.9,25.4,4.4,"1,490.7",49.1,437.2,13.1,27.2,4.3,"4,961.9"
20211020,739.9,179.7,11.2,45.5,6.5,"3,672.9",33.6,252.8,30.2,23.5,3.7,"1,597.0",45.7,307.8,8.2,26.3,2.6,"4,117.1"
20211019,698.2,166.7,10.1,39.3,3.3,"3,462.7",33.3,250.3,29.7,26.1,3.5,"1,726.2",51.7,349.7,14.2,27.8,4.3,"4,488.5"
20211018,778.8,168.1,10.9,41.7,5.0,"3,662.0",31.5,223.8,23.9,25.7,2.0,"1,437.2",48.7,294.4,10.0,26.4,4.5,"4,167.7"
20211015,985.9,181.3,12.1,46.7,13.3,"3,825.3",32.8,249.9,36.0,25.6,7.6,"1,627.1",43.3,341.9,12.5,25.7,16.9,"4,498.0"
20211014,795.5,180.3,11.5,44.4,12.8,"3,598.5",35.9,250.4,30.4,25.2,6.6,"1,515.5",44.4,341.7,8.7,26.2,7.6,"4,262.5"
20211013,794.9,184.5,11.1,45.3,4.5,"3,620.1",49.1,292.1,32.7,30.5,1.9,"1,797.9",49.8,319.8,8.8,24.7,5.8,"4,052.2"
20211012,782.3,180.8,10.6,42.0,6.8,"3,559.4",41.9,282.6,28.1,27.8,4.8,"1,680.0",53.8,344.9,9.6,26.1,5.2,"4,063.8"
20211011,702.0,163.4,10.6,38.7,3.9,"3,282.0",33.5,234.6,26.5,20.3,2.0,"1,452.7",37.8,283.7,9.4,19.8,2.3,"3,539.5"
20211008,713.3,169.5,10.8,41.2,1.5,"3,280.4",48.6,328.1,62.1,28.5,3.1,"2,394.6",41.3,293.2,7.1,22.4,2.5,"3,571.4"
20211007,882.0,194.0,13.1,47.0,5.8,"3,843.9",42.9,351.1,59.5,32.1,7.7,"2,520.2",49.2,340.4,8.1,24.3,1.8,"3,984.2"
20211006,892.0,217.2,12.4,48.9,4.8,"4,018.8",59.6,417.6,61.7,33.5,8.3,"2,472.3",54.4,387.2,15.6,29.3,3.7,"4,472.4"
20211005,876.6,203.2,12.4,53.6,4.2,"3,908.2",48.2,374.7,115.0,32.3,8.0,"2,577.5",50.3,322.4,9.0,28.4,3.3,"4,177.0"
20211004,"1,012.5",219.5,13.3,54.1,5.4,"4,319.1",71.2,418.2,42.1,34.3,3.9,"2,453.1",56.5,365.0,9.6,33.2,3.9,"4,557.1"
20211001,915.6,205.6,11.1,49.6,3.6,"4,013.8",57.2,404.1,41.2,36.3,3.1,"2,455.1",51.7,401.6,9.0,31.9,3.2,"4,712.0"
20210930,"1,166.6",225.1,14.7,56.6,7.5,"4,475.0",69.3,461.5,52.1,44.0,5.8,"2,674.5",61.1,544.3,17.9,34.3,6.0,"5,959.0"
20210929,824.6,197.8,11.6,53.3,6.5,"3,713.0",57.2,429.4,84.1,39.6,2.6,"2,734.6",56.4,487.2,9.6,32.6,6.7,"5,294.7"
20210928,"1,000.3",237.3,14.7,63.6,5.0,"4,431.4",70.6,500.1,57.9,47.8,4.4,"3,037.5",68.7,428.8,10.3,34.7,5.6,"4,989.5"
20210927,898.1,214.3,12.8,55.5,4.9,"4,058.7",38.8,281.7,34.1,26.4,3.1,"1,794.4",57.9,378.2,9.4,30.1,2.3,"4,650.8"
20210924,763.3,173.0,10.4,42.9,4.1,"3,384.3",36.2,259.2,31.7,24.9,4.1,"1,715.7",45.8,318.8,7.0,25.4,4.2,"3,992.2"
20210923,795.9,212.8,14.4,49.3,6.6,"3,916.4",43.9,287.6,36.9,28.8,3.7,"1,850.6",53.9,343.8,9.1,30.7,4.7,"4,196.1"
20210922,875.7,214.2,13.3,49.3,4.3,"3,939.3",57.5,332.6,27.9,30.6,3.0,"1,859.8",53.8,351.8,8.2,29.6,2.6,"4,252.5"
20210921,919.5,200.4,11.9,45.6,5.6,"3,933.5",49.0,313.0,33.4,26.5,2.2,"1,839.2",52.2,331.1,9.5,26.1,2.5,"4,083.5"
20210920,"1,142.7",261.2,18.0,63.7,6.5,"4,898.3",74.3,471.8,43.6,37.3,4.9,"2,580.5",65.7,409.4,11.4,35.2,5.8,"4,879.7"
20210917,"3,554.6",238.3,15.7,61.3,5.7,"7,545.8",50.3,316.6,125.1,35.0,7.6,"2,103.0",62.0,373.1,289.5,35.8,12.1,"6,988.0"
20210916,937.3,214.9,13.5,50.7,7.6,"3,993.3",43.9,282.9,40.3,29.6,4.2,"1,815.3",46.6,287.1,8.2,26.5,4.3,"3,701.5"
20210915,"1,002.6",215.0,14.8,54.1,6.1,"4,069.1",40.9,266.4,39.2,27.6,4.8,"1,720.9",52.8,364.9,25.5,30.1,4.4,"4,481.5"
20210914,811.3,199.8,13.6,46.4,7.7,"3,670.5",45.7,286.5,38.8,27.2,5.5,"1,960.6",62.1,390.4,9.6,30.4,3.5,"4,593.1"
20210913,851.2,211.2,14.6,53.5,3.4,"3,914.8",49.9,297.2,36.5,25.8,3.8,"1,884.3",63.2,408.9,10.9,33.0,3.9,"4,723.5"
20210910,776.0,191.1,12.5,47.9,3.7,"3,623.2",43.7,279.6,42.4,27.1,1.9,"1,992.7",57.1,380.4,9.1,30.3,4.2,"4,587.2"
20210909,789.8,206.0,11.9,54.5,3.8,"3,735.7",41.1,273.4,34.1,27.2,3.2,"1,742.0",57.6,345.1,7.9,27.9,2.2,"4,031.2"
20210908,822.8,203.4,12.5,46.4,5.1,"3,764.0",42.2,285.5,36.0,27.6,4.3,"1,812.2",59.8,332.4,12.7,28.1,3.0,"4,135.6"
20210907,811.7,196.7,13.8,48.0,2.8,"3,823.0",35.9,272.3,35.2,25.9,2.6,"1,665.0",52.6,326.6,10.6,28.2,3.0,"4,014.3"
20210903,705.6,167.7,10.6,41.5,2.1,"3,220.2",29.1,234.6,30.9,22.5,1.2,"1,493.9",46.7,306.7,8.3,25.9,3.2,"3,707.0"
20210902,803.2,196.8,13.4,48.7,2.7,"3,741.6",33.7,241.5,30.8,22.7,1.2,"1,546.9",50.4,343.7,11.6,26.0,2.7,"4,052.2"
20210901,831.6,227.5,15.5,51.8,6.9,"4,057.3",37.3,276.9,29.6,27.8,2.4,"1,637.2",57.3,384.7,8.8,27.9,4.7,"4,271.7"
20210831,"1,282.0",209.6,14.9,52.4,5.2,"4,335.8",32.7,248.5,31.5,27.0,3.0,"1,519.9",55.3,321.8,24.0,29.9,2.1,"4,202.6"
20210830,703.6,164.1,11.5,41.7,6.7,"3,168.7",29.5,233.0,33.9,22.2,2.2,"1,658.8",50.5,339.0,8.4,27.2,2.7,"4,061.8"
20210827,740.0,176.2,12.8,43.3,1.8,"3,334.8",34.1,236.5,22.8,22.9,3.6,"1,462.0",51.4,321.2,9.5,26.0,1.7,"4,048.6"
20210826,683.3,175.8,12.5,40.9,3.5,"3,266.4",31.5,236.9,23.1,22.3,1.4,"1,492.7",49.8,283.6,9.1,23.5,3.1,"3,632.3"
20210825,733.5,193.6,9.5,38.9,2.7,"3,444.9",28.2,207.4,20.5,19.3,4.9,"1,309.1",48.9,277.0,6.1,24.9,2.5,"3,654.2"
20210824,781.7,221.3,10.9,46.5,3.4,"3,979.2",28.6,218.7,18.1,26.7,1.9,"1,296.7",48.6,307.7,6.1,24.7,2.1,"3,809.8"
20210823,763.8,189.8,10.1,48.1,3.1,"3,576.6",31.8,226.2,18.6,25.2,4.8,"1,278.4",45.6,317.5,6.4,28.4,2.6,"3,906.8"
20210820,848.0,195.6,9.6,50.8,4.2,"3,652.9",32.3,223.7,19.9,23.8,5.2,"1,327.6",47.6,328.0,6.5,27.1,4.3,"3,886.4"
20210819,921.8,256.2,12.7,58.8,6.0,"4,402.1",53.7,332.5,22.4,32.1,4.1,"1,830.0",57.3,375.8,7.7,29.5,2.8,"4,191.6"
20210818,798.7,210.0,10.5,51.8,3.5,"3,755.6",43.8,252.2,19.6,23.8,2.6,"1,401.6",49.8,336.4,7.5,28.0,2.1,"3,841.8"
20210817,808.0,208.8,9.8,49.0,4.7,"3,842.4",42.1,285.0,19.8,27.2,4.0,"1,620.0",52.6,343.3,14.7,28.6,4.2,"4,176.3"
20210816,752.5,183.6,9.4,43.5,8.5,"3,371.3",31.4,216.7,20.4,25.1,4.1,"1,264.4",52.6,312.7,8.3,27.6,2.2,"3,974.6"
20210813,643.6,150.9,8.6,40.4,5.0,"3,020.0",23.7,180.9,16.7,18.3,3.2,"1,012.2",47.2,336.5,8.4,25.9,2.8,"4,061.1"
20210812,696.4,175.8,8.2,39.7,10.3,"3,375.4",24.9,181.0,17.9,19.1,2.7,"1,109.5",45.9,345.0,7.7,25.3,3.0,"4,049.0"
20210811,763.3,187.4,11.2,43.3,3.3,"3,545.9",31.1,206.4,17.1,20.1,2.5,"1,207.2",58.5,335.9,14.4,28.8,6.0,"4,008.7"
20210810,792.1,212.0,10.8,44.8,8.2,"3,886.8",27.1,192.2,18.7,21.7,3.8,"1,235.9",60.4,316.7,9.2,26.6,2.7,"3,992.5"
20210809,736.8,186.4,9.3,44.0,1.8,"3,449.5",28.8,207.3,18.3,20.3,2.6,"1,173.0",54.3,319.5,7.8,26.1,2.8,"4,111.6"
20210806,754.7,187.1,10.3,46.7,4.8,"3,452.1",30.3,209.6,17.6,21.1,1.8,"1,150.2",49.1,328.6,8.1,28.0,4.5,"4,173.1"
20210805,793.9,206.9,10.0,49.9,2.2,"3,770.1",26.0,184.0,17.0,18.5,3.1,"1,098.1",49.1,345.4,7.3,26.7,3.6,"4,107.3"
20210804,886.2,242.5,12.3,53.0,3.8,"4,260.8",33.5,232.3,19.2,21.5,1.7,"1,319.3",59.2,351.3,7.7,29.0,3.3,"4,337.3"
20210803,920.2,212.2,10.7,55.9,3.2,"3,967.2",33.0,223.7,17.1,20.8,3.3,"1,271.8",57.0,348.2,7.9,29.2,2.6,"4,141.4"
20210802,835.3,203.9,10.7,53.4,4.3,"3,724.2",33.9,243.8,18.4,24.5,3.2,"1,406.2",50.2,303.2,7.4,26.9,1.6,"3,746.1"
20210730,"1,108.2",211.3,11.3,54.1,4.5,"3,996.8",35.8,240.4,21.6,26.3,3.5,"1,381.0",51.2,286.3,6.7,28.4,2.0,"3,645.1"
20210729,817.6,243.9,12.2,57.6,4.7,"4,044.8",31.2,227.0,18.0,25.5,4.4,"1,271.5",48.2,309.4,6.9,26.6,2.4,"3,928.6"
20210728,883.7,243.6,12.0,59.0,5.4,"4,223.4",39.4,276.7,19.1,25.1,2.0,"1,500.5",54.0,353.8,7.8,28.9,10.2,"4,268.5"
20210727,882.2,231.1,12.4,57.1,4.8,"4,243.1",44.6,331.7,25.4,31.3,2.3,"1,901.7",65.2,380.2,9.2,30.0,3.4,"4,330.0"
20210726,881.4,238.1,12.5,53.0,5.3,"4,286.3",30.5,209.9,18.3,21.4,2.4,"1,220.0",51.6,372.8,7.9,27.4,3.3,"4,437.1"
20210723,813.5,286.6,12.9,54.9,5.1,"4,540.5",30.2,211.7,17.6,22.2,1.9,"1,320.3",48.6,355.6,8.1,24.7,3.0,"3,997.3"
20210722,746.8,176.0,10.3,48.1,5.1,"3,362.8",30.6,220.4,26.0,21.3,2.4,"1,439.5",46.2,308.6,7.5,24.5,3.4,"3,597.8"
20210721,861.5,200.2,12.5,53.6,7.6,"3,815.6",37.1,223.1,22.0,24.8,3.0,"1,373.2",51.5,335.8,9.0,29.1,2.4,"4,098.9"
20210720,"1,064.4",253.5,16.2,67.9,3.5,"4,438.8",47.8,301.1,29.7,31.2,2.5,"1,812.2",57.8,362.4,9.3,33.8,4.1,"4,652.5"
20210719,"1,144.9",283.2,17.6,76.4,8.3,"5,157.9",73.8,425.1,36.5,43.5,6.2,"2,481.3",77.2,397.4,11.7,37.0,3.8,"4,537.1"
20210716,962.4,190.7,13.0,54.1,5.1,"3,987.1",38.3,237.0,24.7,27.1,3.4,"1,458.2",55.5,307.3,8.3,28.7,4.6,"4,069.5"
20210715,863.2,205.6,13.6,54.1,5.7,"3,909.5",36.8,251.0,23.7,23.2,3.4,"1,432.2",64.8,350.3,11.7,31.9,3.5,"4,514.2"
20210714,870.4,208.8,13.1,54.1,5.8,"4,007.1",36.2,237.3,26.7,22.6,1.8,"1,493.5",63.0,370.3,9.6,29.5,3.8,"4,496.2"
20210713,779.5,200.1,11.8,50.0,2.5,"3,695.5",36.3,234.4,22.8,24.3,6.1,"1,450.3",60.0,374.7,7.4,27.7,2.8,"4,583.5"
20210712,787.3,167.7,9.6,44.2,1.8,"3,385.3",30.2,197.0,22.5,19.4,2.0,"1,243.4",48.6,322.8,7.8,23.2,1.8,"3,897.4"
20210709,815.9,178.9,9.8,48.3,2.8,"3,531.1",35.7,228.8,20.8,27.1,3.0,"1,316.0",48.8,291.6,6.6,25.1,3.7,"3,826.5"
20210708,972.6,253.2,12.9,59.4,7.2,"4,348.0",48.2,325.9,30.3,30.6,2.2,"1,777.0",65.1,375.3,10.0,32.0,2.7,"4,575.2"
20210707,887.1,217.9,12.2,58.6,2.1,"4,037.8",37.2,250.3,23.2,24.8,3.3,"1,487.1",59.2,355.3,9.2,32.4,2.8,"4,605.7"
20210706,"1,004.0",231.5,13.4,56.4,3.5,"4,310.0",36.6,268.8,23.7,28.1,2.2,"1,452.3",54.8,370.9,9.4,29.6,2.6,"4,489.5"
20210702,693.8,186.5,9.8,41.6,3.4,"3,225.9",26.8,205.7,20.2,21.5,1.1,"1,238.2",44.7,291.0,7.0,23.8,1.9,"3,751.4"
20210701,837.0,210.1,10.5,49.7,4.7,"3,799.6",32.4,245.2,28.8,24.9,2.0,"1,551.6",53.5,355.4,15.5,29.1,2.5,"4,417.7"
20210630,"1,133.4",226.1,10.0,48.4,2.8,"4,278.7",35.1,236.1,40.1,23.6,2.5,"1,473.9",64.7,439.3,26.5,31.9,7.0,"5,310.8"
20210629,811.9,196.9,11.4,50.1,2.5,"3,714.8",28.2,186.6,21.7,20.4,1.7,"1,179.0",58.3,400.8,12.3,28.7,4.2,"4,903.7"
20210628,921.6,219.2,10.5,51.9,3.8,"4,149.9",30.4,208.9,27.3,22.7,1.8,"1,350.9",55.4,313.7,8.2,28.8,3.8,"4,283.0"
20210625,"3,150.9",257.3,11.7,57.4,1.8,"7,645.7",28.4,195.9,296.2,23.4,2.4,"1,602.8",61.1,315.5,194.8,30.0,3.4,"7,652.0"
20210624,810.5,197.7,9.9,50.0,2.9,"3,816.8",28.1,192.7,22.7,19.0,3.1,"1,243.1",57.3,324.8,9.0,28.4,1.4,"4,324.8"
20210623,824.5,194.9,11.8,52.1,2.9,"3,731.3",30.8,205.8,28.0,22.4,0.8,"1,347.7",55.2,326.0,9.5,28.3,2.4,"4,418.0"
20210622,926.2,201.6,10.1,48.4,6.0,"3,834.9",32.1,213.7,33.2,24.8,3.4,"1,441.3",58.0,342.1,10.8,26.0,1.9,"4,436.7"
20210621,"1,009.9",210.1,10.0,53.2,3.8,"4,129.2",39.9,288.2,39.2,28.0,3.3,"1,789.2",59.6,336.5,8.2,29.1,2.6,"4,562.1"
20210618,"2,889.5",287.2,17.0,75.7,2.8,"6,992.4",54.8,366.3,110.9,42.5,2.7,"2,151.5",71.9,348.6,210.0,40.2,2.2,"6,325.4"
20210617,"1,202.5",303.9,16.8,71.0,5.4,"5,319.2",55.2,335.2,39.0,38.2,1.3,"2,015.2",65.2,338.1,12.2,30.9,2.7,"4,561.7"
20210616,"1,073.8",258.7,14.2,64.2,2.3,"4,551.0",54.6,305.3,38.0,31.0,1.1,"1,792.9",71.8,357.0,15.5,31.0,1.8,"4,687.3"
20210615,867.8,224.4,12.1,52.0,4.4,"4,051.6",32.7,231.9,31.4,24.8,1.8,"1,498.3",58.6,336.1,8.6,28.4,1.4,"4,555.5"
20210614,884.7,227.4,12.8,50.7,2.3,"4,154.4",30.0,220.5,30.1,21.3,0.9,"1,332.3",53.8,323.0,8.7,26.7,1.5,"4,415.9"
20210611,837.0,213.7,11.4,46.4,3.3,"3,827.2",27.5,199.6,29.5,19.8,1.7,"1,260.5",49.5,300.3,19.4,24.9,1.3,"4,169.7"
20210610,889.8,266.0,12.2,52.2,3.6,"4,410.1",34.0,243.8,27.7,22.4,2.0,"1,466.2",60.6,393.6,9.5,30.5,3.0,"4,920.8"
20210609,942.1,287.2,15.0,55.5,2.5,"4,713.5",31.1,205.6,29.5,19.7,0.9,"1,344.5",66.1,455.5,8.8,30.2,1.9,"5,640.6"
20210608,941.7,287.4,15.0,56.8,2.6,"4,661.2",31.9,228.7,30.7,20.3,2.2,"1,423.1",75.3,507.1,9.1,33.2,2.3,"5,958.4"
20210607,887.1,282.6,14.3,55.3,1.9,"4,477.2",31.1,241.9,35.4,21.1,1.3,"1,553.0",67.7,352.5,9.6,32.7,1.9,"4,639.2"
20210604,803.1,267.9,12.7,53.9,4.6,"4,141.0",30.2,225.5,33.7,22.1,0.7,"1,528.8",59.5,321.2,9.2,28.4,1.8,"4,360.7"
20210603,"1,038.9",396.1,14.2,57.3,8.6,"5,589.9",37.5,301.8,34.4,23.6,0.9,"1,696.6",66.7,438.8,10.6,32.6,1.5,"5,396.3"
20210602,"1,120.9",387.7,16.8,67.9,2.6,"5,833.7",35.3,237.7,37.1,23.4,1.5,"1,519.0",68.7,412.4,9.5,31.8,2.3,"5,097.6"
20210601,"1,035.5",350.3,17.5,52.6,8.9,"5,075.8",39.3,289.3,33.4,25.0,2.3,"1,591.1",66.0,344.2,8.5,24.8,1.5,"4,186.3"
20210528,"1,028.4",275.6,13.8,51.8,4.6,"4,652.4",32.0,220.0,29.6,24.2,2.2,"1,415.1",61.6,314.1,7.7,36.2,3.3,"4,447.9"
20210527,"1,966.5",327.2,16.8,65.4,7.1,"6,470.8",35.4,220.4,42.1,25.2,2.9,"1,329.3",66.1,345.4,39.1,34.3,4.6,"5,115.9"
20210526,941.3,258.1,15.2,54.3,11.9,"4,427.5",33.3,206.1,27.4,20.1,3.6,"1,391.1",60.5,309.8,9.7,25.2,3.9,"4,266.1"
20210525,900.0,235.0,14.8,57.2,9.8,"4,187.1",38.0,234.4,25.2,25.6,4.0,"1,368.0",64.3,319.5,11.3,29.1,3.7,"4,132.2"
20210524,789.2,201.3,12.5,47.0,4.5,"3,684.8",30.2,204.1,22.2,19.1,6.2,"1,218.3",56.0,248.1,8.2,23.5,4.4,"3,509.5"
20210521,973.7,219.4,14.6,54.2,13.0,"4,003.5",43.5,267.2,30.6,28.2,5.9,"1,505.2",59.8,276.2,8.0,25.9,4.0,"3,734.0"
20210520,857.9,236.9,14.1,51.7,3.6,"3,979.9",46.0,260.5,25.8,29.7,1.4,"1,499.6",66.7,316.1,9.7,26.0,1.7,"3,991.7"
20210519,988.6,275.1,15.1,59.1,2.4,"4,248.4",71.8,406.9,34.3,42.1,1.5,"2,264.2",78.2,358.4,11.5,31.4,1.8,"4,333.8"
20210518,930.6,275.3,16.5,58.0,4.2,"4,400.8",43.2,261.2,31.7,26.8,6.2,"1,485.2",68.6,340.6,9.9,31.4,2.2,"4,301.6"
20210517,880.5,272.2,14.8,55.0,6.3,"4,125.2",45.2,299.3,37.5,28.5,4.0,"1,769.6",68.7,309.9,10.1,27.8,2.8,"3,997.8"
20210514,851.9,251.2,13.2,50.6,5.0,"4,009.1",41.6,286.0,25.2,27.7,4.8,"1,598.4",67.2,299.1,9.9,32.1,6.9,"4,022.6"
20210513,"1,028.8",309.0,15.9,61.0,8.2,"4,781.1",63.1,402.0,32.0,36.8,5.7,"2,157.8",81.4,375.0,10.7,37.0,5.0,"4,698.1"
20210512,"1,046.7",300.3,16.4,65.4,5.1,"4,733.6",73.0,443.6,36.8,43.5,7.8,"2,536.7",86.4,398.9,11.4,38.1,7.2,"4,753.0"
20210511,994.6,364.4,17.2,65.2,6.7,"4,870.9",70.1,425.6,36.2,38.5,5.8,"2,329.2",89.3,387.9,11.9,37.6,8.3,"4,738.4"
20210510,998.5,287.7,16.1,64.3,7.3,"4,561.0",48.6,315.8,35.0,31.3,6.4,"1,817.5",80.4,359.4,11.1,36.2,4.8,"4,818.7"
20210507,871.9,250.8,14.8,53.9,6.0,"4,016.3",47.3,309.1,37.8,33.0,6.9,"1,925.8",74.9,329.2,10.2,31.9,5.0,"4,391.1"
20210506,"1,006.9",279.5,15.2,57.7,10.8,"4,513.5",49.8,316.0,35.0,31.8,4.2,"1,823.2",82.6,377.8,11.3,35.1,5.3,"5,022.4"
20210505,936.2,265.6,14.0,55.7,8.0,"4,238.3",46.0,298.7,41.2,28.8,3.2,"1,912.3",69.9,339.8,9.4,31.6,6.5,"4,536.2"
20210504,963.5,276.9,15.5,60.5,6.0,"4,464.0",58.6,349.3,34.8,32.7,4.3,"1,952.8",90.6,457.3,17.9,42.2,5.9,"5,886.4"
20210503,888.7,231.4,12.9,52.7,6.4,"4,070.5",39.6,265.8,34.4,27.2,2.9,"1,686.8",67.9,378.8,8.8,28.3,5.0,"4,761.4"
20210430,"1,246.1",243.8,13.6,60.2,5.2,"4,346.1",43.5,289.8,35.5,32.3,7.3,"1,664.3",75.0,365.0,9.1,32.2,8.5,"4,793.3"
20210429,904.5,279.3,16.2,60.5,5.7,"4,300.4",43.8,268.7,26.8,27.4,7.6,"1,563.8",82.2,390.5,9.9,27.5,10.0,"4,928.7"
20210428,827.9,225.2,12.0,52.5,5.5,"3,795.2",37.3,230.5,27.8,24.1,4.9,"1,404.5",72.4,317.2,12.2,30.1,6.5,"4,563.1"
20210427,779.6,218.5,11.6,49.5,4.4,"3,711.9",33.8,216.6,30.8,22.6,7.2,"1,558.2",65.3,319.5,9.6,33.4,5.0,"4,693.7"
20210426,817.0,212.4,11.5,45.9,4.3,"3,751.4",31.6,211.4,28.0,21.3,5.4,"1,444.2",60.7,308.5,10.4,27.6,2.7,"4,509.0"
20210423,793.2,205.1,12.0,47.0,5.5,"3,584.7",36.6,230.2,24.4,23.8,10.9,"1,455.2",61.9,303.7,24.0,28.8,5.6,"4,371.1"
20210422,880.3,277.7,13.6,57.4,4.1,"4,259.4",56.3,302.5,33.7,33.4,7.3,"1,857.7",75.0,326.4,15.7,30.7,4.6,"4,427.3"
20210421,826.3,235.6,13.1,48.5,5.9,"3,887.3",41.6,248.6,29.3,26.3,6.6,"1,580.5",71.6,274.7,9.0,29.8,5.2,"3,999.6"
20210420,881.8,268.9,15.7,58.4,7.5,"4,345.7",50.3,282.6,28.3,33.7,7.7,"1,782.4",74.4,308.8,18.1,30.0,4.0,"4,254.5"
20210419,857.9,225.5,12.5,47.2,6.3,"3,812.0",47.0,279.4,38.3,30.9,5.0,"1,863.2",78.9,309.9,8.8,27.7,6.2,"4,379.6"
20210416,"1,171.2",217.2,13.2,50.2,12.8,"4,181.0",37.8,230.8,33.4,25.5,9.3,"1,511.7",70.4,302.1,18.2,29.6,5.7,"4,436.5"
20210415,852.4,253.0,13.3,54.5,8.2,"4,036.7",43.5,271.5,31.1,30.3,6.3,"1,637.5",75.4,329.0,11.1,31.1,9.6,"4,407.4"
20210414,861.8,240.2,13.2,54.1,4.2,"3,986.1",42.9,251.8,32.8,27.3,4.8,"1,581.3",68.0,296.8,9.4,30.6,5.6,"4,120.8"
20210413,804.5,220.7,11.3,50.3,5.8,"3,743.0",38.1,228.8,26.0,24.0,7.6,"1,489.1",65.8,306.0,12.1,29.5,6.0,"4,222.7"
20210412,789.2,207.8,10.5,47.9,4.0,"3,589.0",34.3,221.6,26.8,24.7,4.7,"1,399.2",73.3,313.8,10.8,27.9,4.2,"4,250.9"
20210409,790.9,211.1,11.0,51.8,3.8,"3,642.0",36.2,215.5,20.1,22.9,5.1,"1,257.2",64.7,287.2,7.5,26.8,5.5,"3,926.1"
20210408,851.8,236.4,11.1,49.3,11.5,"3,908.3",39.3,225.7,21.8,25.9,6.2,"1,384.8",63.7,305.0,10.6,25.8,4.2,"4,154.3"
20210407,803.2,251.0,10.8,54.5,9.8,"4,120.9",38.2,234.0,22.9,27.3,6.5,"1,390.3",66.7,292.8,8.8,27.6,4.4,"4,098.7"
20210406,865.8,249.9,11.4,52.6,4.5,"4,081.4",39.2,262.8,31.7,28.5,6.9,"1,654.9",62.7,290.1,7.7,30.0,4.2,"4,073.7"
20210405,869.5,221.9,7.2,49.6,7.0,"4,005.3",45.2,297.2,28.8,29.7,8.2,"1,771.1",69.3,339.9,6.1,32.3,3.5,"4,459.0"
20210401,877.7,235.7,11.4,55.1,6.3,"4,162.6",49.4,345.0,37.7,36.0,7.3,"2,027.8",71.4,330.6,10.1,33.1,4.6,"4,576.5"
20210331,"1,283.6",240.7,11.6,90.3,4.7,"4,620.3",51.6,311.3,38.7,70.2,5.7,"1,894.6",72.3,333.4,23.7,60.6,8.1,"5,018.1"
20210330,887.7,234.2,10.4,85.4,9.1,"4,126.2",47.5,274.1,26.9,64.2,6.1,"1,685.3",63.3,323.9,8.9,60.0,5.3,"4,723.0"
20210329,"1,053.4",257.2,11.9,92.1,7.4,"4,638.1",52.3,297.6,28.5,73.1,6.4,"1,772.7",73.8,350.9,10.4,63.4,6.3,"4,967.0"
20210326,"1,139.8",316.4,12.7,105.9,8.9,"5,483.5",58.5,333.0,27.9,81.1,5.5,"1,931.3",82.3,371.4,9.3,67.4,6.7,"5,224.4"
20210325,"1,063.0",290.5,13.5,103.4,4.8,"4,948.6",68.6,374.8,36.4,93.1,4.9,"2,229.9",86.3,414.9,10.9,71.8,6.1,"5,634.3"
20210324,"1,017.2",270.7,11.9,98.2,6.8,"4,786.7",57.7,323.3,32.3,78.4,5.5,"2,027.8",88.6,466.7,11.3,74.2,6.7,"6,250.9"
20210323,"1,065.4",259.5,11.6,84.0,8.3,"4,669.5",58.0,319.3,39.3,70.6,10.7,"2,096.3",78.3,434.1,9.9,56.6,4.6,"5,675.1"
20210322,"1,010.4",231.4,10.8,70.7,9.3,"4,316.5",42.9,267.8,34.7,50.6,9.5,"1,637.2",68.8,382.1,7.6,48.7,5.6,"5,321.8"
20210319,"3,569.8",300.5,12.5,91.7,14.3,"7,875.5",58.7,351.2,148.8,66.4,12.9,"2,207.5",78.9,408.3,61.5,63.8,11.9,"7,682.9"
20210318,"1,148.4",303.2,12.6,91.1,12.8,"5,122.2",63.2,369.1,44.5,78.3,13.5,"2,255.5",78.9,423.0,9.2,58.9,6.7,"5,740.2"
20210317,"1,049.1",267.5,11.2,82.8,4.2,"4,564.3",58.8,348.0,50.5,66.4,11.4,"2,151.1",76.6,427.1,10.1,58.4,5.8,"5,537.2"
20210316,986.4,258.2,10.5,79.7,7.4,"4,613.1",49.8,359.7,53.6,59.2,6.8,"2,344.9",79.8,398.4,9.1,56.6,5.6,"5,493.9"
20210315,974.0,288.4,11.4,85.3,5.3,"4,900.3",42.8,305.0,37.6,56.4,6.9,"1,897.8",80.5,447.6,8.5,66.1,5.1,"5,972.4"
20210312,948.5,253.3,11.7,80.2,9.1,"4,477.7",42.4,295.6,41.6,52.4,9.6,"1,897.1",78.4,411.7,8.6,64.7,5.6,"5,497.2"
20210311,"1,072.2",309.5,12.6,90.8,9.0,"5,313.4",43.7,312.3,36.5,53.3,8.8,"1,944.4",84.4,462.6,10.0,67.3,5.4,"6,009.3"
20210310,"1,204.7",344.2,13.8,100.1,8.5,"5,850.2",60.6,360.8,38.1,67.2,5.3,"2,173.0",88.6,456.2,14.6,70.5,7.7,"6,028.5"
20210309,"1,124.5",325.8,12.8,94.0,8.0,"5,514.3",61.7,409.9,41.7,68.6,22.2,"2,384.6",85.7,486.6,10.5,65.9,6.0,"6,345.7"
20210308,"1,208.0",334.7,14.2,104.1,12.5,"5,871.7",75.2,420.8,39.9,78.8,5.5,"2,448.9",86.5,455.7,10.0,68.5,4.7,"6,010.2"
20210305,"1,390.9",406.4,15.9,110.4,6.7,"6,851.9",85.7,530.9,49.1,101.5,9.1,"3,145.4",104.6,583.7,11.8,95.7,11.0,"7,725.4"
20210304,"1,449.5",429.7,16.9,126.6,19.4,"7,195.4",119.4,633.7,62.3,112.4,8.4,"3,511.0",124.6,611.5,13.4,90.5,10.6,"7,864.5"
20210303,"1,198.7",382.9,13.7,104.1,9.4,"6,174.1",72.9,436.3,45.6,81.1,8.8,"2,538.6",85.6,422.7,9.0,62.4,6.7,"5,530.2"
20210302,"1,205.4",321.6,12.5,86.2,15.5,"5,541.8",58.0,370.4,45.0,64.4,8.6,"2,187.2",68.0,339.0,9.7,52.1,5.6,"4,950.4"
20210301,"1,100.9",302.2,12.2,69.6,7.4,"5,138.2",54.9,372.9,39.5,45.2,9.6,"2,227.0",68.8,377.6,21.1,48.3,5.7,"5,091.9"
20210226,"1,717.8",354.2,14.6,80.8,10.6,"6,581.4",89.7,589.5,60.1,60.7,6.7,"3,360.6",89.0,412.5,36.9,59.2,14.1,"5,932.8"
20210225,"1,238.1",425.3,14.4,80.2,9.0,"6,547.8",91.8,537.7,52.9,63.0,4.3,"3,170.9",99.8,480.6,10.2,61.6,6.7,"6,390.4"
20210224,"1,189.3",417.2,12.2,76.6,10.5,"6,014.1",48.8,350.4,49.8,39.1,9.8,"2,228.1",76.9,468.1,10.4,52.2,4.6,"5,886.8"
20210223,"1,270.2",385.5,13.9,80.6,5.7,"6,303.7",72.0,466.4,66.8,48.5,7.2,"2,908.6",110.2,552.1,15.6,59.5,10.6,"7,518.6"
20210222,"1,158.7",369.9,13.3,78.8,10.0,"5,921.9",53.4,369.7,53.7,37.7,17.6,"2,308.2",86.9,465.8,11.4,51.3,6.2,"6,486.2"
20210219,"1,066.1",269.1,10.4,60.4,23.4,"4,845.7",44.9,303.4,50.4,29.3,14.7,"2,089.7",83.3,475.5,8.4,51.4,11.9,"6,737.9"
20210218,945.3,303.4,9.4,57.0,7.9,"4,797.6",44.1,319.3,52.1,29.1,6.5,"2,112.6",85.7,473.3,11.0,51.0,10.1,"6,500.4"
20210217,967.7,277.6,9.0,59.3,17.3,"4,730.9",47.3,380.2,73.3,34.0,7.9,"2,614.4",89.7,559.2,9.5,58.1,8.1,"7,280.5"
20210216,"1,028.5",296.0,10.1,62.1,6.6,"5,069.7",46.0,375.9,66.5,36.5,11.6,"2,519.3",90.2,589.9,10.1,59.9,10.7,"7,723.5"
20210212,836.5,232.2,8.7,58.5,15.7,"4,140.6",39.9,274.9,55.2,34.9,9.1,"2,012.8",79.6,569.9,7.9,65.1,9.3,"7,416.9"
20210211,"1,028.5",253.7,9.2,66.4,8.6,"4,603.6",40.1,358.0,76.3,40.5,7.8,"2,593.0",111.5,875.8,11.3,83.7,9.8,"10,918.2"
20210210,983.6,278.5,9.4,59.1,7.4,"4,842.3",52.2,445.7,101.0,37.5,7.9,"3,286.4",105.2,936.5,10.8,81.8,12.6,"10,786.9"
20210209,895.4,250.0,9.5,58.0,12.5,"4,571.8",42.2,389.0,85.8,31.9,9.7,"2,705.6",85.3,678.0,9.5,54.9,4.5,"8,767.8"
20210208,971.5,260.2,8.5,60.8,6.7,"4,649.4",41.1,389.6,77.6,31.2,4.8,"2,565.2",96.1,753.0,9.0,50.7,7.4,"8,564.9"
20210205,938.4,301.7,8.9,57.7,7.1,"4,880.4",38.0,306.4,56.8,27.2,5.7,"2,225.6",79.8,582.3,7.6,41.5,5.5,"6,793.1"
20210204,"1,009.2",299.1,8.5,60.7,7.9,"4,881.9",40.1,313.1,53.6,28.7,8.6,"2,186.5",82.2,588.5,7.7,45.3,8.5,"7,295.4"
20210203,"1,016.8",289.7,9.3,60.2,14.6,"4,869.4",40.5,281.7,37.4,25.3,11.4,"1,809.4",84.5,596.1,9.9,49.7,8.5,"7,549.4"
20210202,"1,123.7",347.2,10.9,68.1,13.4,"5,516.0",49.3,358.3,47.5,28.3,16.5,"2,123.5",83.2,599.2,8.4,51.0,8.0,"7,325.3"
20210201,"1,046.3",391.0,11.2,71.5,22.6,"5,436.4",61.9,552.3,86.1,39.5,9.5,"3,673.4",84.6,614.1,8.9,52.5,6.8,"7,092.6"
20210129,"1,601.7",449.6,14.6,74.8,14.5,"6,692.0",70.7,478.1,66.1,42.3,15.9,"2,938.4",101.3,702.0,24.3,47.8,8.8,"7,885.4"
20210128,"1,371.2",616.3,16.0,70.0,25.0,"7,018.8",72.1,519.6,76.8,42.7,11.9,"3,193.1",119.4,"1,217.3",34.8,59.4,6.3,"9,983.1"
20210127,"1,745.4",933.3,21.7,85.5,14.4,"9,979.4",75.9,522.6,65.1,38.3,10.5,"2,883.7",179.7,"1,379.0",16.3,67.4,9.5,"11,621.2"
20210126,"1,045.6",484.8,14.7,64.9,10.6,"6,137.5",43.6,265.6,37.4,21.4,10.6,"1,774.2",122.6,560.4,10.2,39.6,9.7,"6,849.6"
20210125,"1,219.3",506.0,16.4,60.6,19.6,"7,027.2",58.4,373.0,58.5,30.8,7.0,"2,435.9",103.7,578.7,25.6,40.2,6.3,"7,208.5"
20210122,"1,045.9",329.1,12.3,49.7,13.4,"5,111.5",42.5,316.1,48.7,24.3,10.3,"1,996.9",77.3,472.2,8.7,32.6,9.2,"5,973.2"
20210121,891.4,254.6,9.9,43.9,12.1,"4,502.9",35.4,291.1,40.2,22.6,7.3,"1,848.0",83.8,577.7,8.0,41.0,7.2,"7,258.6"
20210120,997.3,256.2,10.8,43.5,13.0,"4,571.3",47.8,388.3,68.5,27.7,13.9,"2,529.7",92.1,546.2,9.1,38.3,9.0,"6,821.7"
20210119,"1,072.9",295.6,11.7,49.6,13.9,"5,017.3",49.3,432.3,71.4,26.8,9.7,"2,868.1",83.5,513.8,16.6,35.7,7.6,"6,305.8"
20210115,"1,237.7",308.7,13.0,51.6,22.2,"5,373.4",54.2,409.3,53.4,29.3,31.6,"2,498.3",85.8,514.3,9.6,28.3,17.5,"6,459.0"
20210114,"1,042.2",331.8,12.4,47.6,13.1,"5,198.6",51.4,383.5,56.3,26.2,18.5,"2,644.3",91.0,540.8,9.0,31.2,9.2,"6,734.1"
20210113,957.0,279.0,12.2,47.7,11.1,"4,614.8",50.6,357.2,59.4,22.1,13.3,"2,399.1",99.7,585.9,13.6,28.5,8.2,"7,106.8"
20210112,"1,056.2",309.5,12.7,48.8,10.6,"4,995.4",56.7,456.8,72.0,28.0,9.8,"3,236.7",104.8,618.0,11.0,27.7,6.5,"7,264.1"
20210111,966.3,275.8,10.1,45.5,9.1,"4,470.0",50.4,483.9,75.2,23.3,9.0,"3,012.1",88.9,599.8,10.1,27.4,7.6,"6,961.3"
20210108,"1,043.2",279.7,10.8,50.5,10.7,"4,775.4",60.6,392.5,45.4,32.3,12.8,"2,573.7",101.3,622.5,10.6,31.6,6.6,"7,289.6"
20210107,"1,104.5",298.9,12.3,52.2,13.1,"5,099.2",47.9,338.9,39.0,25.0,12.6,"2,112.7",84.4,555.5,11.4,30.2,7.4,"6,841.5"
20210106,"1,411.4",355.8,15.4,63.0,14.2,"6,075.1",80.9,505.4,61.0,38.6,12.3,"3,178.7",108.4,652.7,15.6,34.0,5.9,"7,691.5"
20210105,995.5,269.3,11.5,51.6,13.0,"4,591.5",83.4,475.6,79.8,28.3,10.4,"3,149.5",112.5,613.5,11.2,27.6,3.6,"6,971.9"
20210104,"1,158.0",294.2,11.3,53.2,9.3,"5,015.3",92.6,481.2,55.4,34.1,7.0,"2,816.8",97.5,591.7,11.5,35.6,5.6,"6,636.2"
20201231,825.9,169.4,7.9,34.8,8.7,"3,198.3",39.3,239.8,32.7,19.7,7.3,"1,467.5",61.0,427.0,23.0,22.0,6.2,"4,830.6"
20201230,699.2,177.2,7.3,34.9,9.7,"3,163.0",32.7,207.9,26.7,17.3,8.3,"1,270.7",72.3,433.4,9.2,26.6,6.5,"5,346.3"
20201229,725.2,196.0,8.0,37.2,9.1,"3,394.2",43.2,237.3,32.9,18.1,10.9,"1,497.7",73.4,403.2,7.1,22.8,11.2,"4,726.9"
20201228,735.3,199.3,6.9,34.2,8.0,"3,536.3",42.9,240.1,36.0,16.8,6.0,"1,512.0",78.2,427.1,6.5,23.5,4.7,"5,109.1"
20201224,381.1,117.9,4.3,13.8,4.9,"1,884.3",22.7,173.3,31.0,9.1,3.8,"1,067.1",39.9,303.4,4.6,10.2,2.9,"3,306.0"
20201223,813.0,217.7,8.7,39.5,10.1,"3,779.5",42.6,265.1,37.4,22.4,9.6,"1,660.0",91.9,651.4,7.4,29.0,5.9,"7,100.3"
20201222,909.3,228.5,9.7,39.8,9.4,"4,053.3",41.5,242.2,27.0,20.3,11.0,"1,473.7",81.3,510.8,7.7,24.3,3.9,"5,811.9"
20201221,"1,145.1",270.4,12.4,46.4,8.2,"4,748.9",60.3,333.0,34.7,25.7,6.1,"1,905.9",82.3,397.3,7.6,24.4,5.7,"5,192.9"
20201218,"3,467.2",256.4,12.0,60.7,15.8,"7,455.4",48.1,283.4,96.5,24.6,9.8,"1,746.4",90.1,384.1,320.3,30.0,14.5,"7,436.1"
20201217,962.5,217.0,10.9,49.2,13.0,"4,196.5",41.1,237.5,26.1,21.6,10.2,"1,401.8",73.3,373.3,10.9,31.6,8.8,"5,032.9"
20201216,955.7,208.7,10.3,48.2,12.4,"4,069.5",42.0,243.3,25.2,19.7,8.9,"1,395.0",63.1,339.6,8.1,25.1,7.1,"4,592.9"
20201215,924.4,246.1,11.6,51.7,10.8,"4,387.9",40.5,248.1,24.5,18.9,11.8,"1,464.1",67.5,372.7,7.6,25.4,9.0,"4,423.7"
20201214,"1,030.0",259.5,11.9,55.4,18.7,"4,624.0",39.4,265.6,26.0,19.8,10.6,"1,433.7",67.9,346.2,7.7,26.9,7.3,"4,492.9"
20201211,909.3,252.1,12.5,54.6,12.5,"4,375.5",38.2,231.2,23.4,19.4,11.7,"1,394.6",61.7,343.3,7.5,25.9,9.4,"4,292.7"
20201210,966.7,267.7,11.9,58.0,13.6,"4,659.4",44.6,248.5,25.0,22.0,9.4,"1,409.6",58.4,367.4,8.5,24.2,5.8,"4,518.8"
20201209,"1,055.1",286.1,14.2,63.8,8.9,"5,233.8",59.3,294.6,28.3,26.7,13.5,"1,779.2",78.9,400.5,9.2,28.9,5.9,"5,168.5"
20201208,911.4,252.6,11.4,54.2,14.1,"4,584.6",36.8,212.4,31.0,17.6,9.6,"1,313.2",63.8,385.9,7.7,27.6,5.0,"4,809.5"
20201207,931.4,277.0,12.5,61.9,5.8,"4,809.5",39.4,257.2,29.1,24.1,9.0,"1,437.0",64.9,380.5,8.5,27.2,4.1,"4,773.1"
20201204,975.5,282.3,13.6,64.3,13.0,"5,099.9",43.5,247.1,23.7,25.5,12.6,"1,433.2",71.5,428.4,8.0,26.7,8.0,"5,086.9"
20201203,984.1,266.7,13.5,67.6,5.4,"5,069.5",47.2,252.5,24.4,25.5,6.3,"1,496.7",59.3,385.5,9.6,28.4,4.2,"5,212.5"
20201202,997.5,291.4,11.6,60.6,15.5,"5,041.3",43.1,269.1,32.2,26.0,11.7,"1,641.4",74.3,444.5,8.5,29.6,7.0,"5,195.0"
20201201,"1,047.7",309.3,13.4,66.2,13.1,"5,420.7",51.8,354.3,36.8,31.6,12.6,"1,973.7",86.7,559.3,10.3,31.1,5.6,"6,512.4"
20201130,"1,934.1",342.3,12.4,68.6,22.1,"6,391.1",49.6,342.1,36.9,32.4,5.9,"1,825.1",93.0,625.1,31.3,54.6,7.5,"7,781.5"
20201127,530.1,201.1,5.8,27.2,3.8,"2,778.4",22.5,153.6,20.7,13.4,3.7,851.2,43.9,312.9,4.3,14.4,2.1,"3,401.8"
20201125,966.9,314.5,12.1,61.3,6.8,"4,911.4",41.7,278.3,31.6,24.6,5.5,"1,568.5",62.7,367.3,6.9,28.2,6.2,"4,448.6"
20201124,"1,202.4",397.9,15.9,81.3,10.1,"6,280.5",49.9,317.2,37.4,31.5,11.2,"1,875.4",92.9,530.4,10.6,41.9,5.9,"6,339.6"
20201123,990.7,309.6,11.4,65.3,9.6,"5,061.4",47.6,311.7,39.0,29.4,10.5,"1,809.4",76.2,472.3,9.7,30.1,8.3,"5,475.0"
20201120,957.0,220.6,9.8,55.0,13.1,"4,241.9",34.1,214.0,25.4,22.9,16.7,"1,268.9",76.2,397.6,9.4,27.3,6.8,"5,352.4"
20201119,893.9,269.5,11.4,58.4,18.0,"4,365.7",45.0,235.5,22.6,24.1,5.7,"1,393.5",101.2,509.7,9.2,26.1,7.3,"5,386.8"
20201118,993.9,337.9,12.7,68.1,11.0,"5,289.0",48.7,268.1,26.2,30.2,8.4,"1,558.1",72.5,359.3,10.1,41.0,7.5,"4,733.4"
20201117,956.1,297.0,11.1,66.8,11.8,"4,813.6",49.2,265.4,25.9,27.3,10.8,"1,674.8",59.6,319.1,6.7,27.2,5.2,"4,145.1"
20201116,"1,086.1",340.6,11.7,73.8,8.7,"5,297.2",44.7,297.1,22.7,32.1,14.3,"1,650.8",58.8,347.5,8.1,28.5,9.7,"4,173.3"
20201113,887.1,285.8,10.4,63.5,9.1,"4,719.7",41.3,271.0,23.0,26.7,8.4,"1,567.1",51.6,277.2,5.6,25.4,5.8,"3,654.2"
20201112,"1,046.6",299.3,11.7,65.1,14.1,"4,912.5",52.5,299.3,19.7,29.8,8.8,"1,622.2",57.5,307.9,7.4,27.8,5.9,"3,886.7"
20201111,930.5,260.4,13.8,70.0,11.6,"4,640.6",40.5,245.4,18.6,28.0,6.4,"1,352.3",59.8,351.9,9.4,26.9,6.8,"3,856.5"
20201110,"1,227.1",361.1,17.7,93.7,13.0,"6,042.1",65.0,365.0,23.4,42.5,12.8,"1,936.0",82.9,412.1,14.8,37.7,12.0,"4,740.3"
20201109,"1,712.8",605.9,23.0,113.0,9.3,"8,572.7",103.6,590.0,36.5,64.6,9.5,"2,916.1",103.1,595.3,14.4,43.4,13.5,"5,864.5"
20201106,943.0,285.8,12.4,62.0,10.7,"4,859.2",49.4,275.7,21.1,31.1,8.8,"1,518.9",68.3,344.8,11.6,30.6,11.5,"4,186.4"
20201105,930.9,290.7,13.4,66.6,14.8,"4,861.2",62.5,369.1,26.1,41.2,10.8,"1,910.6",67.7,332.8,10.2,28.7,12.1,"3,848.9"
20201104,995.4,263.0,16.4,67.9,7.0,"4,791.1",82.3,435.4,25.9,42.1,9.6,"2,141.3",73.2,316.8,10.8,31.0,7.0,"3,620.8"
20201103,863.4,228.0,14.3,65.2,5.7,"4,242.9",55.9,312.1,23.1,36.2,6.9,"1,657.6",58.3,270.1,9.7,27.6,10.8,"3,217.4"
20201102,891.8,233.9,12.9,66.1,11.6,"4,316.4",52.7,306.1,20.8,32.9,6.2,"1,615.8",57.7,271.2,9.3,28.4,6.9,"3,209.5"
20201030,"1,208.8",250.8,17.0,76.9,5.4,"4,853.7",63.7,342.1,28.2,38.3,5.7,"1,863.8",72.3,293.9,14.8,32.4,4.5,"3,675.5"
20201029,"1,002.6",280.1,16.4,80.3,5.9,"4,913.2",61.0,329.5,25.8,33.8,8.1,"1,748.5",62.2,283.8,9.4,27.1,6.9,"3,244.2"
20201028,"1,094.7",308.9,19.0,81.1,8.8,"5,142.5",75.4,395.9,31.3,42.0,9.0,"2,079.2",71.6,349.1,13.0,29.4,4.7,"3,933.2"
20201027,795.7,209.4,13.4,56.8,4.9,"3,962.4",40.7,220.1,21.1,22.1,8.5,"1,217.7",56.8,245.1,7.8,21.4,3.9,"3,104.8"
20201026,827.9,203.0,15.2,60.0,4.4,"4,003.2",53.8,273.2,28.7,30.0,4.7,"1,635.0",59.7,240.5,9.1,24.4,5.2,"3,205.2"
20201023,721.9,183.2,11.6,56.1,9.5,"3,651.6",34.0,186.7,19.3,23.1,6.6,"1,074.9",53.0,261.7,8.0,24.1,4.8,"3,145.6"
20201022,845.4,211.1,13.7,64.3,7.0,"4,173.0",41.5,216.1,21.8,25.1,5.4,"1,259.7",57.6,282.9,9.5,26.9,18.6,"3,434.4"
20201021,851.6,212.2,14.1,60.9,10.7,"4,106.1",43.7,233.8,25.2,26.0,5.8,"1,374.1",54.7,269.6,10.2,24.7,5.0,"3,469.3"
20201020,755.5,217.1,11.6,61.1,4.9,"3,918.0",46.1,238.5,20.4,27.2,7.1,"1,348.8",61.2,281.6,9.9,25.8,5.5,"3,510.4"
20201019,834.9,209.7,11.9,56.3,6.3,"4,092.0",39.1,223.6,22.6,25.6,4.7,"1,257.0",54.2,274.7,9.3,24.6,4.5,"3,478.2"
20201016,889.5,250.5,13.5,58.7,13.2,"4,689.7",32.1,187.7,18.9,21.7,10.5,"1,118.6",50.6,229.2,12.9,22.4,11.3,"3,170.2"
20201015,758.4,202.4,11.9,55.0,7.1,"3,724.6",39.6,219.3,23.4,24.8,9.2,"1,256.0",51.7,266.2,10.1,25.1,9.2,"3,325.3"
20201014,767.0,221.5,12.2,61.4,7.4,"3,861.4",38.1,218.0,23.6,25.2,8.9,"1,318.7",57.1,267.3,12.3,22.2,8.5,"3,412.9"
20201013,760.7,194.1,10.9,57.2,5.7,"3,615.2",41.1,242.0,26.4,25.7,5.5,"1,407.5",58.7,286.6,9.7,24.7,7.1,"3,634.1"
20201012,747.0,172.4,9.9,50.7,2.9,"3,435.9",33.5,207.9,20.5,21.3,5.0,"1,171.6",65.9,291.9,9.3,26.4,7.4,"3,885.0"
20201009,851.5,206.0,11.4,64.0,7.0,"3,944.2",43.8,273.7,31.9,27.6,9.3,"1,573.6",56.7,267.9,8.2,22.4,4.8,"3,504.2"
20201008,802.6,206.5,10.4,64.6,10.0,"3,871.4",38.9,291.2,40.6,28.9,6.7,"1,786.5",55.8,265.1,10.4,25.8,5.2,"3,510.6"
20201007,888.8,196.4,11.6,65.7,8.2,"3,824.6",38.9,242.3,24.1,28.7,8.5,"1,456.3",59.1,309.2,8.9,28.0,5.3,"3,912.3"
20201006,999.3,236.5,13.7,75.8,5.1,"4,460.9",61.2,346.7,28.3,38.3,8.4,"1,833.8",70.3,356.7,11.4,32.2,6.3,"4,394.3"
20201005,851.1,181.9,10.4,63.2,9.6,"3,692.8",37.5,234.1,20.9,28.1,5.4,"1,272.6",52.8,269.9,7.2,26.3,3.2,"3,623.9"
20201002,904.7,223.2,12.6,67.5,6.5,"3,979.2",55.6,322.8,29.7,36.5,9.2,"1,726.5",66.7,293.9,10.2,30.6,7.1,"3,732.2"
20201001,859.3,220.0,12.6,70.0,9.8,"4,076.5",44.1,287.5,21.0,38.7,12.3,"1,595.5",66.7,301.2,8.9,33.0,6.7,"4,005.9"
20200930,"1,277.7",228.0,15.1,77.9,5.3,"4,748.5",54.1,298.0,27.7,35.3,11.4,"1,651.2",59.6,316.5,12.2,32.7,3.4,"4,263.8"
20200929,702.7,190.1,11.4,67.7,7.9,"3,663.2",36.8,245.4,30.8,26.9,6.2,"1,427.5",49.3,253.9,8.2,25.6,4.6,"3,389.8"
20200928,857.5,224.1,13.0,71.6,3.1,"3,953.9",40.6,230.0,22.2,32.3,3.4,"1,315.5",55.1,277.7,10.1,27.2,4.0,"3,593.1"
20200925,809.3,215.3,11.5,63.2,6.0,"3,812.5",48.0,245.9,21.5,31.0,12.0,"1,406.7",57.6,293.5,9.0,30.1,6.4,"3,785.3"
20200924,929.0,272.0,14.6,72.9,9.1,"4,603.2",63.9,340.1,28.6,45.0,6.8,"1,896.5",68.1,333.3,8.7,30.9,5.8,"4,086.4"
20200923,"1,003.6",235.0,14.5,67.6,6.7,"4,379.6",56.3,321.6,29.2,40.4,11.5,"1,823.9",64.7,327.8,10.2,31.3,5.6,"4,097.3"
20200922,951.6,204.1,13.2,60.3,7.0,"3,978.8",40.3,237.7,23.1,36.5,5.7,"1,409.8",56.2,253.3,8.4,28.4,8.3,"3,515.8"
20200921,"1,238.1",257.6,15.7,73.5,4.2,"4,852.2",65.8,390.7,38.3,48.1,9.1,"2,135.6",66.6,289.3,16.5,30.9,6.6,"3,908.3"
20200918,"3,372.5",255.3,14.2,81.8,22.1,"7,245.8",49.3,261.3,75.5,36.1,17.4,"1,581.9",64.7,310.2,170.2,32.8,8.7,"5,920.5"
20200917,"1,063.7",237.5,13.4,72.2,13.8,"4,381.2",49.3,272.0,30.5,32.3,6.5,"1,683.7",54.7,278.6,7.3,26.5,7.0,"3,740.1"
20200916,"1,092.2",260.9,13.6,77.9,12.3,"4,719.2",46.6,258.1,25.7,33.2,10.5,"1,482.4",53.2,270.2,6.7,29.2,9.5,"3,678.0"
20200915,849.8,220.4,13.5,67.7,8.5,"4,063.2",35.8,213.7,21.1,26.3,10.0,"1,201.8",50.0,290.8,9.2,26.3,8.0,"3,788.0"
20200914,860.1,203.5,13.1,68.3,9.6,"3,839.7",36.8,225.8,23.1,30.4,7.4,"1,261.6",49.8,300.1,8.2,27.6,15.3,"3,737.7"
20200911,828.1,205.9,12.4,67.6,8.9,"3,711.5",59.9,313.8,26.4,34.7,9.2,"1,659.3",52.6,299.4,8.8,27.9,9.0,"3,631.0"
20200910,913.8,239.2,15.3,75.3,9.6,"4,211.2",68.5,332.2,25.9,40.5,13.3,"1,803.3",57.4,335.2,9.6,31.9,5.2,"3,841.1"
20200909,870.2,207.4,13.8,70.2,8.5,"3,935.6",55.4,293.8,25.7,34.0,9.2,"1,652.0",55.9,290.2,7.9,28.9,7.3,"3,550.7"
20200908,"1,019.2",273.8,16.3,83.6,9.0,"4,695.8",78.3,378.1,29.9,46.9,10.0,"2,023.1",72.8,340.7,13.5,33.1,8.8,"3,908.2"
20200904,962.4,249.4,13.1,72.4,3.1,"4,441.4",92.4,489.2,38.4,52.3,7.6,"2,651.5",66.9,378.5,12.8,33.4,6.0,"4,287.1"
20200903,994.5,291.1,14.7,81.7,4.5,"4,913.2",96.2,507.0,38.8,54.1,8.5,"2,671.4",74.1,391.5,10.7,39.0,8.8,"4,465.5"
20200902,886.4,241.8,13.2,66.0,14.2,"4,296.5",56.4,293.9,27.4,37.5,6.4,"1,681.8",61.1,308.5,9.3,29.5,5.7,"3,982.7"
20200901,814.6,235.9,12.6,60.4,8.9,"4,102.0",48.8,269.1,25.8,32.3,4.6,"1,447.1",54.0,275.5,7.1,26.2,11.1,"3,511.2"
20200831,"1,200.6",242.0,11.9,65.6,3.3,"4,416.8",49.7,269.4,35.9,36.6,8.0,"1,553.4",54.9,279.9,26.8,26.4,6.8,"3,631.2"
20200828,836.8,231.0,11.3,56.0,4.4,"3,916.4",37.9,222.3,23.8,31.7,8.6,"1,283.9",45.4,236.1,14.8,25.4,4.6,"3,022.0"
20200827,780.1,232.8,9.9,64.5,9.7,"3,958.1",56.4,311.1,33.4,42.4,4.8,"1,751.4",55.0,273.3,7.5,30.3,6.7,"3,548.6"
20200826,745.6,211.2,9.5,55.6,5.7,"3,780.7",40.8,232.3,28.6,31.6,8.2,"1,426.0",51.2,268.6,6.6,25.3,14.6,"3,471.5"
20200825,714.3,192.7,9.1,57.9,12.4,"3,628.6",40.2,228.3,28.5,33.9,5.3,"1,338.2",47.4,269.6,7.1,25.3,14.7,"3,476.7"
20200824,774.9,201.9,9.8,58.2,7.7,"3,745.0",38.3,232.1,35.1,34.3,8.1,"1,415.3",54.9,311.7,9.4,29.0,8.1,"3,907.8"
20200821,843.7,173.6,9.3,56.3,10.5,"3,511.4",36.9,212.7,26.5,31.6,11.5,"1,259.3",45.3,320.9,11.6,28.4,12.7,"3,935.6"
20200820,708.5,190.0,9.7,58.5,10.4,"3,432.6",40.9,246.5,24.0,32.5,7.5,"1,334.0",52.5,348.0,6.6,28.9,6.9,"4,216.1"
20200819,768.1,202.1,9.4,57.8,6.6,"3,681.9",48.2,266.6,32.3,30.9,9.2,"1,526.6",45.0,288.1,6.4,25.5,7.4,"3,497.0"
20200818,773.9,209.0,10.7,59.4,13.0,"3,672.9",39.8,238.5,28.1,27.7,7.6,"1,346.4",44.6,272.9,17.1,24.8,5.0,"3,239.6"
20200817,744.6,198.6,8.8,59.4,16.0,"3,460.4",36.0,234.3,34.2,27.4,4.9,"1,429.8",43.6,260.7,5.7,23.8,8.6,"3,214.9"
20200814,717.6,180.9,9.0,53.8,6.8,"3,202.1",35.9,215.1,24.9,27.0,8.6,"1,213.2",42.8,288.8,5.6,24.6,8.2,"3,514.3"
20200813,718.1,200.2,10.5,59.6,7.3,"3,438.9",45.0,306.4,44.8,36.4,6.0,"1,932.8",43.9,292.1,7.0,27.0,5.4,"3,480.5"
20200812,775.9,216.0,10.0,66.7,7.7,"3,777.2",52.9,332.4,48.0,42.2,8.3,"2,020.2",49.7,304.0,8.6,31.7,4.4,"3,746.9"
20200811,962.6,293.2,12.7,82.7,7.9,"4,887.2",69.5,374.5,39.2,49.2,7.8,"2,193.8",58.2,369.2,13.2,36.7,3.4,"4,336.7"
20200810,864.1,250.3,11.1,72.8,5.2,"4,327.9",45.2,253.8,35.3,34.9,4.7,"1,512.2",53.9,327.9,7.4,31.2,6.0,"4,048.4"
20200807,808.1,244.9,10.9,73.2,7.5,"4,110.2",52.3,298.6,28.8,43.5,9.2,"1,641.8",56.5,326.1,8.0,31.3,14.9,"4,263.9"
20200806,807.2,250.9,10.9,71.8,15.0,"4,279.4",44.3,266.1,31.9,36.2,6.3,"1,505.1",51.5,319.0,7.8,29.6,4.5,"4,120.0"
20200805,900.3,261.3,12.1,78.4,6.4,"4,535.3",51.0,290.6,34.4,37.0,7.5,"1,664.8",47.2,321.1,7.7,28.2,7.9,"4,160.7"
20200804,863.3,258.9,10.9,80.5,12.4,"4,414.4",45.4,271.0,31.4,39.1,8.4,"1,522.2",53.5,316.0,6.5,27.4,6.9,"4,016.5"
20200803,871.7,266.0,10.6,74.4,5.1,"4,439.1",40.9,279.4,26.1,40.3,7.0,"1,475.2",55.0,328.7,5.8,29.5,16.6,"4,203.9"
20200731,"1,325.3",274.1,13.1,88.7,11.0,"5,027.4",61.5,333.9,32.3,47.5,3.6,"1,818.3",63.8,336.3,10.7,37.7,5.4,"4,444.2"
20200730,826.4,262.4,12.0,75.5,8.2,"4,265.1",55.6,308.5,28.6,42.7,6.8,"1,832.4",58.2,341.3,5.6,31.9,6.8,"4,185.8"
20200729,862.5,280.9,10.3,77.1,7.1,"4,480.0",45.2,265.0,29.4,37.6,6.8,"1,539.0",52.5,319.2,6.5,32.5,3.3,"4,010.7"
20200728,725.4,276.9,9.7,77.3,5.1,"4,053.5",45.5,255.3,29.3,37.7,5.1,"1,500.7",48.8,297.6,4.3,29.9,4.6,"3,894.7"
20200727,800.6,237.9,9.6,74.4,5.9,"3,981.0",47.6,274.8,39.4,39.9,8.3,"1,658.2",48.8,325.5,8.4,30.7,5.5,"4,247.7"
20200724,713.0,232.7,8.7,73.6,11.0,"3,691.1",55.6,298.6,32.3,45.2,4.8,"1,750.7",51.4,339.4,5.3,35.0,6.1,"4,233.4"
20200723,822.5,264.2,9.2,84.5,8.2,"4,298.7",62.8,349.6,41.2,52.9,5.1,"2,102.7",56.6,375.2,5.9,35.0,4.0,"4,501.5"
20200722,829.7,275.6,9.2,77.2,5.9,"4,267.9",51.2,317.0,52.3,42.0,8.7,"2,064.9",55.2,321.7,5.6,29.1,5.3,"4,129.2"
20200721,898.5,299.2,10.2,89.0,7.2,"4,556.9",61.1,348.0,48.2,50.2,5.3,"2,064.5",62.4,412.5,5.7,38.2,8.4,"5,350.8"
20200720,792.5,255.5,8.1,72.0,6.2,"3,985.8",49.6,283.2,46.6,35.7,8.0,"1,818.6",57.9,337.0,9.1,35.8,6.4,"4,318.4"
20200717,875.5,245.8,8.7,73.4,7.1,"4,019.5",45.4,235.2,25.5,33.7,11.4,"1,438.5",51.8,326.3,7.0,30.5,8.2,"4,363.3"
20200716,777.1,245.7,8.6,82.3,8.8,"3,973.1",50.3,271.5,25.9,38.4,8.0,"1,547.5",51.7,337.7,4.9,35.0,5.0,"4,277.8"
20200715,953.6,294.5,8.8,100.9,5.7,"4,689.6",63.7,339.7,30.8,48.6,6.9,"1,925.1",62.5,386.1,5.4,44.0,7.4,"4,647.1"
20200714,911.2,287.1,9.1,94.8,8.0,"4,509.8",82.7,401.3,23.4,55.4,4.6,"2,084.0",63.4,390.4,6.3,43.1,5.1,"4,462.1"
20200713,"1,012.0",293.1,9.8,95.3,4.6,"4,906.4",74.4,390.5,35.7,54.7,9.6,"2,199.4",64.1,390.2,6.5,44.6,6.3,"4,852.6"
20200710,875.8,287.8,8.5,84.8,11.1,"4,524.2",53.1,278.3,23.9,37.9,4.7,"1,616.5",51.7,283.7,4.4,32.0,4.5,"3,537.5"
20200709,973.6,299.1,9.4,97.2,7.9,"4,845.3",68.7,357.7,29.2,48.7,7.8,"1,986.4",57.4,328.4,5.3,40.3,4.2,"4,013.2"
20200708,"1,029.6",299.1,9.5,92.0,7.6,"4,949.9",53.6,295.9,27.5,37.7,7.2,"1,664.8",55.4,322.5,7.3,37.5,6.5,"4,032.6"
20200707,961.3,280.2,8.8,86.6,6.9,"4,571.4",46.6,288.6,31.4,34.5,7.7,"1,722.8",56.2,346.6,5.0,38.2,5.0,"4,337.1"
20200706,"1,056.3",290.1,9.3,83.4,5.4,"4,759.4",51.0,312.3,30.1,41.6,7.5,"1,795.1",60.6,387.2,5.1,35.6,2.7,"4,570.3"
20200702,897.2,271.5,8.9,83.6,9.4,"4,197.8",49.2,317.6,33.3,39.2,6.6,"1,873.7",55.5,338.2,5.2,36.5,5.0,"4,038.9"
20200701,929.3,281.4,8.3,83.6,6.0,"4,449.8",55.2,326.6,23.5,45.4,14.2,"1,822.6",64.1,385.4,6.5,41.2,14.2,"4,624.5"
20200630,"1,256.9",282.0,10.0,102.3,6.8,"4,744.9",57.5,342.2,29.9,47.3,7.9,"1,929.8",61.3,370.7,18.0,39.8,4.0,"4,522.4"
20200629,969.1,289.2,8.3,87.7,5.4,"4,477.8",53.1,320.0,29.4,49.9,6.6,"2,092.6",56.2,355.2,6.2,38.2,4.1,"4,336.9"
20200626,"3,896.1",364.8,11.8,117.5,4.9,"8,842.7",66.7,399.4,194.9,59.8,8.8,"2,576.5",74.6,457.3,455.5,50.0,3.7,"7,757.1"
20200625,970.8,328.4,9.5,102.8,3.4,"4,851.6",60.4,349.1,27.7,51.0,10.3,"2,134.3",65.3,422.6,8.2,44.1,4.5,"4,781.3"
20200624,"1,106.3",382.0,10.4,106.5,7.1,"5,599.7",70.6,412.0,31.1,59.9,12.3,"2,392.2",74.9,476.6,8.3,49.2,4.4,"5,589.5"
20200623,"1,040.7",305.3,9.2,91.6,8.0,"4,736.5",40.0,275.1,34.9,37.0,7.0,"1,821.0",67.9,456.6,15.5,40.3,6.3,"5,764.9"
20200622,"1,089.0",287.4,10.4,88.6,7.7,"4,701.9",39.9,283.4,32.1,38.2,11.3,"1,686.7",57.2,374.4,6.0,37.4,4.5,"4,507.0"
20200619,"3,867.8",372.5,11.4,126.3,10.8,"8,696.3",57.9,373.7,120.6,54.5,19.7,"2,195.8",67.9,412.9,74.6,46.8,7.4,"6,161.7"
20200618,"1,024.0",281.5,8.5,86.0,4.9,"4,463.6",35.4,253.8,29.4,33.7,14.8,"1,543.2",55.1,372.7,5.6,34.9,4.8,"4,335.3"
20200617,"1,027.8",274.5,8.8,87.7,5.2,"4,575.9",44.4,285.1,34.4,38.2,12.4,"1,734.4",55.0,354.5,5.4,35.8,3.7,"4,279.7"
20200616,"1,274.0",389.8,11.3,105.0,7.9,"5,851.4",76.0,486.1,31.7,54.0,7.7,"2,515.7",63.0,409.5,6.3,39.8,3.6,"4,669.6"
20200615,"1,227.1",367.3,12.0,111.7,11.8,"5,762.4",66.8,429.3,31.3,55.0,17.9,"2,304.3",65.3,386.3,6.5,45.5,4.7,"4,476.0"
20200612,"1,164.2",377.3,11.8,97.8,11.3,"5,846.7",78.5,553.5,32.7,60.4,22.9,"2,992.4",62.0,368.9,6.7,44.0,7.1,"4,389.0"
20200611,"1,329.0",471.9,13.9,113.1,8.3,"7,038.6",82.9,593.7,37.7,72.7,14.6,"3,365.5",68.6,446.8,8.4,46.9,6.4,"5,300.9"
20200610,"1,193.8",430.0,12.5,102.7,21.6,"6,604.2",62.3,433.7,48.7,54.3,12.6,"2,644.7",64.2,440.1,6.5,39.8,10.1,"5,171.1"
20200609,"1,168.6",438.2,11.6,94.6,8.5,"6,427.1",49.4,354.6,43.4,45.3,10.1,"2,331.4",60.2,440.9,16.9,38.3,5.2,"5,329.8"
20200608,"1,442.4",584.4,15.2,113.4,10.2,"8,512.6",47.8,338.6,38.0,42.1,15.9,"2,219.4",67.4,483.7,8.1,41.8,4.1,"6,197.3"
20200605,"1,469.7",565.8,17.1,122.9,11.3,"8,642.6",69.5,438.5,36.7,57.5,15.0,"2,601.3",76.2,525.3,9.4,45.5,6.1,"6,607.7"
20200604,"1,157.9",405.1,11.6,108.3,18.0,"6,453.7",50.1,341.5,32.0,43.4,9.5,"2,111.9",66.2,511.0,6.8,41.8,4.1,"6,141.5"
20200603,"1,095.6",378.6,13.5,101.5,22.9,"6,013.2",55.2,356.7,28.4,46.3,18.1,"2,118.4",58.4,385.8,7.4,37.9,6.4,"4,679.7"
20200602,"1,010.1",309.7,11.4,94.0,21.8,"5,203.3",44.8,313.4,22.6,43.4,8.3,"1,807.3",49.4,335.7,6.4,33.9,4.9,"3,990.5"
20200601,907.5,285.3,11.4,87.8,21.7,"4,687.8",39.8,281.6,24.2,42.4,5.4,"1,643.6",48.0,303.4,7.0,35.9,2.9,"3,848.3"
20200529,"2,510.1",398.2,16.0,122.8,15.0,"7,399.6",64.0,408.8,32.2,54.8,9.2,"2,191.2",63.2,354.0,45.7,43.1,3.1,"4,779.7"
20200528,"1,036.3",369.1,12.9,99.5,12.6,"5,447.7",51.3,328.8,22.8,49.7,11.4,"1,941.0",54.3,349.4,6.8,41.1,5.4,"4,113.7"
20200527,"1,137.1",459.4,14.7,113.5,14.4,"6,400.3",61.4,418.7,29.2,51.3,10.4,"2,309.5",61.9,390.4,7.5,41.0,7.0,"4,489.2"
20200526,"1,144.6",417.1,13.1,112.4,10.6,"5,850.6",55.2,365.9,25.2,55.8,11.4,"1,965.8",63.3,380.8,8.4,42.4,3.1,"4,449.3"
20200522,719.9,274.1,8.6,74.4,7.1,"3,971.0",39.2,253.9,22.2,35.0,8.1,"1,428.8",46.6,308.0,5.9,30.4,3.6,"3,668.1"
20200521,981.6,325.2,10.8,95.1,8.7,"4,982.3",50.6,322.6,25.7,44.4,11.6,"1,767.1",49.0,310.5,6.9,34.7,6.7,"3,745.3"
20200520,923.4,337.5,11.1,96.4,10.3,"5,007.7",45.6,301.7,24.4,46.7,11.1,"1,734.9",55.6,378.0,8.2,39.5,7.0,"4,315.8"
20200519,901.3,332.5,12.1,101.7,12.0,"5,010.6",46.9,310.8,26.1,43.4,8.4,"1,756.7",52.1,347.2,16.5,40.2,6.6,"4,202.8"
20200518,"1,199.1",427.6,14.4,107.3,10.0,"6,374.2",53.2,381.4,32.2,53.1,10.3,"2,179.6",55.2,348.5,7.5,41.3,5.1,"4,341.8"
20200515,"1,384.6",333.1,11.2,88.8,7.8,"5,513.8",53.9,340.5,28.2,49.6,19.2,"1,945.4",53.0,333.0,7.8,36.2,7.0,"4,240.9"
20200514,"1,066.6",391.4,13.3,104.5,9.3,"5,653.7",66.5,424.6,32.9,56.0,9.7,"2,407.1",58.1,331.0,8.5,42.5,7.9,"3,966.6"
20200513,"1,129.1",432.5,13.4,110.3,11.5,"6,157.0",66.5,402.3,31.6,53.8,9.0,"2,319.0",63.5,352.5,12.6,42.4,5.1,"4,277.5"
20200512,943.8,322.3,10.8,91.4,10.3,"5,124.0",49.2,330.8,28.9,41.0,23.7,"2,070.1",57.8,347.2,7.5,38.3,4.0,"4,337.2"
20200511,"1,015.5",299.1,10.9,77.2,5.5,"4,826.6",38.8,263.5,28.8,33.0,5.4,"1,638.1",49.2,316.2,8.7,33.9,3.3,"3,926.8"
20200508,910.2,311.5,11.7,85.5,8.5,"4,868.8",40.1,280.3,26.7,35.5,28.3,"1,696.1",46.2,303.8,6.4,31.2,3.8,"3,813.6"
20200507,956.2,345.7,13.4,90.1,7.5,"5,179.7",43.4,303.9,27.7,38.8,12.4,"1,839.0",47.9,341.5,6.9,32.8,7.9,"3,787.3"
20200506,905.1,326.8,11.1,79.2,6.6,"4,893.2",38.5,268.1,21.3,36.8,5.9,"1,519.0",43.8,297.1,5.7,29.8,4.2,"3,656.8"
20200505,929.0,340.0,11.0,82.4,6.0,"5,142.3",43.9,300.1,24.5,35.5,13.2,"1,729.2",47.7,324.8,6.2,30.1,3.8,"3,933.6"
20200504,974.7,287.7,9.4,73.4,11.5,"4,742.0",43.2,284.9,26.2,34.0,7.4,"1,718.6",40.2,273.2,6.7,27.0,4.4,"3,444.5"
20200501,925.7,298.6,9.9,73.1,5.6,"4,762.2",48.6,338.1,25.3,34.8,9.5,"1,890.1",47.8,289.2,6.5,31.1,4.0,"3,741.6"
20200430,"1,537.1",388.8,10.4,96.7,7.6,"6,558.5",60.6,421.5,48.4,47.0,11.2,"2,377.0",50.3,322.8,6.5,33.2,4.9,"4,335.7"
20200429,"1,223.8",435.8,11.7,99.6,8.5,"6,650.1",51.6,349.4,35.1,38.0,10.7,"2,092.5",55.8,361.0,15.4,35.9,6.2,"4,414.8"
20200428,"1,035.6",369.0,10.3,89.1,11.5,"5,694.2",49.0,351.2,32.8,35.1,14.6,"2,194.2",47.0,293.2,6.8,32.8,4.6,"3,730.6"
20200427,971.3,325.1,9.8,76.1,6.4,"5,205.6",40.8,367.2,28.9,33.8,14.5,"2,065.5",44.9,296.3,6.3,31.2,3.9,"3,695.0"
20200424,"1,070.1",331.5,12.2,80.7,5.2,"5,394.0",42.2,308.5,36.4,34.0,22.8,"1,993.7",41.7,287.3,11.7,28.7,2.7,"3,700.3"
20200423,"1,065.0",377.9,14.2,84.1,6.8,"5,781.3",61.4,423.4,31.3,39.1,7.2,"2,409.6",45.3,299.0,10.0,28.1,5.5,"3,761.6"
20200422,"1,023.2",323.5,14.0,76.7,8.9,"5,086.1",50.1,395.7,31.2,46.6,15.8,"2,344.4",40.3,249.3,7.9,26.5,3.1,"3,041.7"
20200421,"1,033.7",314.5,12.5,85.1,11.5,"5,122.1",75.8,637.1,26.2,63.3,10.8,"3,372.2",50.9,308.3,8.8,29.4,4.1,"3,788.2"
20200420,"1,089.3",314.5,12.0,82.2,5.8,"5,230.2",64.8,636.3,33.1,63.4,14.5,"3,620.7",44.7,296.0,8.3,29.4,4.0,"3,827.9"
20200417,"1,404.4",337.9,9.8,111.6,9.9,"5,820.0",58.7,459.6,95.4,62.5,24.9,"2,691.4",49.8,345.4,5.5,39.6,5.4,"4,348.5"
20200416,"1,138.5",318.0,9.3,98.6,9.0,"5,254.7",58.0,440.1,26.0,57.9,20.0,"2,555.3",48.9,321.8,14.2,37.5,5.4,"4,066.7"
20200415,"1,124.5",301.1,9.7,94.9,7.9,"5,213.5",53.6,410.6,29.0,55.3,33.9,"2,475.9",46.3,259.2,7.0,35.9,14.0,"3,349.2"
20200414,"1,174.3",339.7,10.1,109.5,9.9,"5,630.6",60.7,441.8,30.1,62.9,29.9,"2,782.0",50.3,298.5,13.0,35.4,6.0,"3,774.7"
20200413,"1,162.7",305.5,8.9,93.7,6.8,"5,319.8",57.2,434.0,26.1,44.9,11.5,"2,581.8",44.0,253.9,4.9,31.7,3.9,"3,184.7"
20200409,"1,508.0",506.4,12.6,138.9,8.7,"7,900.9",95.1,652.0,30.8,73.0,19.2,"3,992.1",62.4,335.6,6.2,43.9,4.8,"4,145.5"
20200408,"1,212.9",361.0,10.6,117.6,7.6,"5,876.7",67.4,438.9,22.5,58.7,10.2,"2,542.6",50.7,278.6,5.4,39.7,7.1,"3,487.5"
20200407,"1,487.8",442.5,13.4,128.9,10.4,"7,057.8",79.7,549.9,28.0,58.8,9.0,"3,103.3",62.4,333.7,14.7,45.5,4.1,"4,093.1"
20200406,"1,455.0",395.8,11.0,120.5,7.1,"6,428.3",63.3,518.5,22.6,65.5,12.4,"2,716.8",56.1,333.2,15.6,42.2,6.0,"3,858.8"
20200403,"1,434.8",347.1,12.7,114.7,8.5,"6,097.4",60.1,454.3,27.0,60.7,12.8,"2,590.3",46.1,244.9,5.3,36.7,6.2,"3,294.3"
20200402,"1,353.3",394.3,12.9,110.5,9.1,"6,472.8",76.0,590.0,25.6,84.1,12.3,"3,310.9",49.2,276.1,6.9,35.3,5.0,"3,623.3"
20200401,"1,314.8",350.5,11.7,104.5,8.1,"5,979.4",61.4,484.8,26.5,51.4,9.3,"2,733.7",49.5,286.9,11.6,33.4,4.2,"3,705.7"
20200331,"1,835.5",371.8,14.5,124.2,9.3,"6,663.8",63.9,497.8,29.3,56.2,15.4,"2,837.3",55.4,313.1,18.5,34.6,6.3,"4,091.1"
20200330,"1,245.1",333.2,13.0,96.5,7.2,"5,753.5",57.5,498.7,31.6,57.7,19.7,"2,970.3",47.3,300.4,6.6,32.6,5.4,"3,871.0"
20200327,"1,357.5",373.2,14.0,103.9,8.0,"6,202.6",69.1,637.1,27.4,57.6,19.4,"3,495.3",51.8,298.0,7.9,34.8,5.5,"3,989.3"
20200326,"1,643.5",479.9,16.2,127.7,10.1,"7,786.0",82.0,636.0,26.8,70.0,19.4,"3,581.2",57.9,302.1,10.6,39.0,6.1,"4,017.8"
20200325,"1,832.1",521.6,18.5,144.1,17.0,"8,319.1",93.0,709.9,29.8,75.9,26.4,"3,976.2",67.9,362.5,15.9,44.4,5.9,"4,690.5"
20200324,"1,700.9",464.0,16.5,117.3,12.1,"7,566.4",85.8,720.9,31.0,73.9,31.7,"3,736.9",61.8,341.2,9.5,43.6,11.3,"4,442.7"
20200323,"1,605.2",469.2,17.2,122.3,11.0,"7,432.0",93.1,751.8,29.9,60.1,18.6,"4,242.2",60.0,350.1,16.1,42.3,5.5,"4,356.0"
20200320,"2,726.1",530.4,25.2,144.2,11.6,"9,078.3",99.5,773.8,71.5,69.6,28.0,"4,417.1",78.7,394.4,11.1,52.9,7.0,"5,260.3"
20200319,"1,712.9",484.0,20.9,109.2,21.0,"7,956.2",81.4,829.2,38.3,62.6,18.1,"4,577.0",68.3,380.0,9.7,45.5,12.5,"4,778.5"
20200318,"1,951.0",555.0,27.3,129.2,22.1,"8,819.5",92.3,"1,025.4",39.5,80.6,29.9,"4,899.3",70.6,412.8,22.6,50.4,9.3,"4,946.4"
20200317,"1,978.0",489.4,23.7,126.7,11.2,"8,387.3",87.3,765.0,34.2,55.4,23.5,"3,849.7",70.7,385.8,16.7,51.1,10.4,"4,926.1"
20200316,"1,887.9",429.9,20.9,115.8,11.6,"7,807.3",81.1,930.7,41.1,48.5,16.7,"4,046.7",65.6,331.2,10.2,46.6,8.0,"4,618.1"
20200313,"2,060.1",465.2,22.4,139.1,18.1,"8,299.3",85.6,894.8,40.9,59.6,28.7,"4,335.3",66.1,356.7,9.9,52.2,8.5,"4,701.1"
20200312,"2,167.4",511.3,22.1,127.1,22.3,"8,859.5",100.1,"1,038.9",52.3,64.9,26.6,"5,011.2",75.5,389.9,11.4,48.2,8.0,"5,100.0"
20200311,"1,762.1",450.0,20.1,176.1,25.5,"7,431.6",101.6,752.6,39.1,81.6,22.3,"3,676.3",80.2,368.7,8.3,61.1,19.5,"4,302.6"
20200310,"1,818.8",457.4,20.4,138.0,28.5,"7,644.5",107.8,791.9,38.6,82.7,19.9,"4,108.1",70.5,365.0,9.3,48.8,11.3,"4,448.5"
20200309,"2,098.3",528.2,24.8,141.5,27.3,"8,442.6",99.4,954.5,53.4,89.9,17.7,"4,618.9",74.3,385.9,11.0,49.0,6.8,"4,554.3"
20200306,"1,616.1",372.4,20.2,148.8,18.4,"6,562.9",112.8,688.7,33.2,74.6,25.7,"3,473.0",75.0,365.1,9.8,51.5,7.5,"4,293.0"
20200305,"1,414.7",321.3,18.8,119.9,15.8,"5,590.1",84.2,536.1,32.5,56.6,14.5,"2,637.9",60.8,305.0,7.8,42.2,7.2,"3,763.9"
20200304,"1,258.8",288.3,16.9,106.5,18.6,"5,103.1",86.5,508.7,32.2,50.3,14.0,"2,582.4",57.8,289.0,7.1,40.3,11.5,"3,635.1"
20200303,"1,660.7",406.1,21.7,153.5,19.2,"6,385.0",171.7,872.3,42.4,74.3,15.6,"4,187.4",85.8,388.3,11.8,53.5,11.5,"4,339.0"
20200302,"1,720.7",351.7,21.2,128.8,14.4,"6,387.1",112.6,722.9,43.2,70.3,19.8,"3,532.7",71.6,348.2,10.4,45.4,10.3,"4,249.9"
20200228,"2,510.0",475.1,28.1,188.8,26.0,"8,621.0",174.4,"1,131.1",73.5,96.4,15.2,"5,467.6",97.0,432.8,22.7,64.4,13.3,"5,330.4"
20200227,"1,768.2",395.8,24.5,158.4,18.7,"7,070.9",142.1,871.6,59.9,89.7,22.9,"4,197.1",84.8,360.5,11.8,55.2,9.7,"4,561.2"
20200226,"1,321.1",298.7,19.1,124.6,23.3,"5,489.3",113.8,597.2,35.7,65.9,13.3,"2,942.1",62.8,288.7,8.8,43.2,10.1,"3,588.7"
20200225,"1,356.3",311.2,18.8,115.1,19.8,"5,598.7",124.2,653.2,36.4,67.3,10.1,"3,141.3",65.7,287.8,8.9,42.3,9.7,"3,595.8"
20200224,"1,196.8",273.0,15.8,104.4,11.5,"4,860.8",88.8,530.5,33.3,59.1,9.4,"2,577.8",56.5,250.3,8.2,38.9,8.8,"3,189.4"
20200221,"1,073.8",201.0,11.6,75.7,16.2,"3,926.8",53.6,327.7,27.0,39.4,17.2,"1,701.7",43.9,206.1,11.6,30.6,11.5,"2,756.0"
20200220,928.4,227.5,11.3,83.1,14.9,"4,021.2",56.5,338.8,27.1,37.5,13.6,"1,711.1",44.9,220.2,6.5,32.2,11.3,"2,745.9"
20200219,832.8,198.8,9.3,71.5,8.1,"3,617.9",34.3,227.2,23.2,27.2,6.0,"1,228.9",38.0,183.9,4.2,29.4,10.6,"2,470.9"
20200218,935.2,201.9,8.7,70.0,16.2,"3,769.2",40.0,276.8,20.5,31.0,3.8,"1,310.1",37.1,174.6,13.0,26.6,7.8,"2,288.2"
20200214,849.3,188.6,9.1,66.8,15.7,"3,424.8",32.7,196.8,19.2,25.2,8.2,"1,065.3",35.5,174.0,4.8,25.8,6.7,"2,227.5"
20200213,823.7,184.1,9.6,67.5,12.9,"3,508.1",40.0,241.0,23.7,29.8,6.3,"1,249.4",37.2,176.6,6.8,26.4,6.6,"2,257.0"
20200212,941.3,203.4,11.2,74.4,13.3,"3,943.0",35.4,226.0,24.3,29.5,6.4,"1,238.8",37.7,179.5,6.5,27.0,11.4,"2,368.1"
20200211,838.7,211.2,11.2,75.6,11.0,"3,766.3",37.4,230.7,20.2,30.0,6.5,"1,235.0",40.0,195.0,6.0,28.2,19.0,"2,451.1"
20200210,848.0,182.9,9.0,65.4,11.6,"3,464.1",28.4,215.7,19.1,25.2,7.7,"1,077.9",32.7,151.2,4.2,25.0,7.5,"2,187.5"
20200207,861.2,196.6,8.9,73.2,11.1,"3,735.3",39.1,231.6,18.1,31.0,13.1,"1,220.0",36.6,163.8,4.6,28.7,6.2,"2,243.7"
20200206,958.9,219.9,9.3,74.2,10.0,"3,896.3",37.7,237.1,19.7,31.4,9.3,"1,246.3",37.1,169.4,9.2,28.9,9.7,"2,318.0"
20200205,"1,002.0",220.3,8.8,87.5,11.5,"4,129.2",52.4,328.7,20.5,45.2,9.8,"1,578.0",43.7,189.6,12.7,34.0,7.1,"2,478.0"
20200204,943.2,205.6,7.5,84.8,10.3,"4,006.5",51.1,339.3,28.4,46.6,9.6,"1,714.3",41.3,185.5,12.0,31.3,6.6,"2,454.9"
20200203,983.5,184.2,5.9,83.0,6.3,"3,770.1",46.5,326.3,22.6,42.8,8.8,"1,652.5",39.0,179.6,6.7,32.6,4.6,"2,430.7"
20200131,"1,417.3",194.2,6.7,97.9,7.9,"4,628.0",73.4,403.2,21.0,51.8,5.8,"2,026.3",44.8,182.1,20.5,38.1,7.6,"2,713.1"
20200130,884.0,181.2,6.0,86.1,12.6,"3,794.5",61.7,341.4,21.4,46.3,9.0,"1,702.0",40.0,162.2,4.1,30.9,8.2,"2,346.6"
20200129,833.2,170.2,5.2,75.5,12.3,"3,607.3",36.9,228.0,14.7,29.3,6.0,"1,161.5",34.1,148.6,3.4,26.0,7.6,"2,235.2"
20200128,837.0,160.3,5.2,75.8,11.0,"3,535.9",45.4,295.8,16.9,36.9,11.4,"1,439.9",35.1,144.2,4.9,27.3,6.8,"2,171.3"
20200127,979.6,177.3,6.1,80.8,10.3,"3,833.1",62.2,383.9,26.3,40.5,16.3,"1,848.3",42.6,177.3,4.2,32.0,5.3,"2,594.4"
20200124,878.6,169.4,6.3,86.0,9.4,"3,716.4",59.6,322.3,24.0,39.7,11.7,"1,728.8",45.4,172.3,5.8,31.5,9.5,"2,624.9"
20200123,"1,004.8",174.1,6.6,76.9,10.9,"3,823.0",45.8,267.9,20.6,31.9,9.1,"1,461.5",39.1,159.6,35.6,28.9,9.1,"2,498.0"
20200122,887.5,167.4,6.3,70.7,13.3,"3,647.2",36.1,210.8,16.9,28.6,11.9,"1,224.3",37.9,147.5,5.8,27.5,7.3,"2,456.8"
20200121,"1,072.2",178.5,6.7,79.4,10.3,"4,131.1",41.6,285.1,21.7,35.3,10.9,"1,480.1",39.0,163.7,14.0,31.5,6.9,"2,697.3"
20200117,998.7,162.6,5.7,81.0,10.6,"3,736.5",33.5,227.0,14.3,30.2,12.9,"1,255.9",35.6,147.9,5.0,29.7,9.0,"2,544.4"
20200116,846.3,168.3,5.4,70.4,10.5,"3,540.7",31.4,201.1,16.6,27.4,12.6,"1,169.7",36.0,138.7,3.1,28.8,8.3,"2,312.1"
20200115,879.3,175.4,5.8,74.7,10.8,"3,729.0",37.8,228.5,14.2,32.1,8.6,"1,300.8",38.6,147.7,3.7,29.6,7.3,"2,444.2"
20200114,930.7,166.8,5.0,75.2,12.0,"3,702.5",42.5,253.7,25.6,34.6,25.5,"1,455.8",37.6,152.9,7.8,29.9,7.2,"2,557.7"
20200113,840.6,154.3,5.1,69.0,8.1,"3,465.6",33.3,233.2,18.1,27.7,14.6,"1,193.9",38.1,151.9,4.4,27.0,9.8,"2,537.9"
20200110,793.9,143.6,4.9,71.6,19.4,"3,229.9",35.1,218.9,21.9,26.4,15.8,"1,207.1",34.4,151.6,7.3,28.4,5.9,"2,387.0"
20200109,877.2,160.0,5.4,75.5,11.3,"3,642.7",34.9,225.8,15.9,28.2,15.4,"1,208.3",35.4,153.0,3.6,27.2,4.5,"2,541.5"
20200108,903.0,171.7,5.9,79.6,6.4,"3,733.9",58.3,336.9,21.4,41.1,9.8,"1,711.3",38.7,158.6,4.5,29.1,6.6,"2,473.9"
20200107,800.3,153.6,5.3,74.4,8.8,"3,444.0",33.1,222.6,22.1,26.5,13.7,"1,250.7",36.6,146.4,4.3,28.9,5.7,"2,383.0"
20200106,980.0,159.1,5.2,79.3,11.0,"3,704.1",33.5,244.2,22.3,29.5,16.5,"1,360.0",33.7,162.5,3.3,31.5,6.5,"2,810.7"
20200103,938.2,164.3,5.5,78.3,6.4,"3,490.8",46.6,307.1,22.5,36.7,10.8,"1,535.0",34.7,166.5,4.7,31.0,6.0,"2,588.5"
20200102,869.7,160.0,5.3,80.4,6.8,"3,466.4",40.2,264.8,17.3,31.3,6.0,"1,411.9",37.5,172.5,4.8,31.4,8.5,"2,864.5"
20191231,831.0,128.1,4.4,61.8,6.4,"2,910.3",31.7,186.3,16.1,23.5,5.7,987.9,32.3,128.0,5.2,26.1,2.6,"2,189.5"
20191230,694.8,152.9,5.2,62.3,6.4,"3,025.6",36.5,223.3,16.5,26.9,3.5,"1,136.7",29.1,130.7,4.0,23.4,4.1,"2,053.0"
20191227,617.2,114.5,3.6,56.1,4.9,"2,429.4",30.0,191.7,15.6,24.6,27.3,982.9,25.8,114.5,2.5,21.9,5.1,"1,834.0"
20191226,542.4,93.5,3.4,47.1,7.2,"2,164.8",20.9,150.2,12.5,18.6,19.0,803.4,22.5,94.2,2.2,20.7,5.4,"1,640.0"
20191224,314.2,61.5,2.1,26.6,2.2,"1,296.5",13.6,114.0,9.5,12.5,8.2,566.1,13.1,60.5,1.4,10.8,3.1,"1,014.5"
20191223,787.2,131.3,4.9,63.0,8.7,"3,067.4",24.1,195.8,14.7,26.1,15.6,"1,036.3",28.4,112.5,3.0,24.4,10.0,"2,029.1"
20191220,"3,173.2",190.6,6.9,90.5,12.1,"6,816.8",36.2,264.2,66.2,38.9,23.2,"1,563.0",38.6,142.4,52.8,35.7,8.4,"3,879.0"
20191219,979.1,162.6,6.3,80.0,12.9,"3,791.2",31.9,190.9,13.9,26.9,20.7,"1,151.7",35.8,144.6,3.4,30.4,8.1,"2,446.9"
20191218,"1,005.1",178.6,6.3,82.5,13.5,"4,050.7",33.5,210.9,13.8,28.4,18.4,"1,161.9",34.0,168.9,6.7,30.2,8.7,"2,745.5"
20191217,963.7,183.5,6.2,86.4,22.7,"3,870.7",33.2,208.6,16.2,32.7,16.7,"1,285.1",34.3,146.2,14.4,30.5,10.3,"2,393.6"
20191216,"1,075.2",178.9,6.4,84.6,25.2,"4,074.0",32.6,249.4,17.7,30.6,15.9,"1,282.2",35.9,138.6,5.5,31.3,11.9,"2,370.1"
20191213,846.1,183.5,6.6,87.9,19.6,"3,759.3",61.2,317.5,16.4,39.8,24.1,"1,593.1",39.0,146.8,3.5,31.3,4.5,"2,219.6"
20191212,903.2,196.3,6.9,98.1,26.8,"4,013.7",67.1,369.3,15.3,44.7,17.7,"1,731.4",40.9,164.3,7.4,35.3,5.1,"2,400.2"
20191211,754.6,155.1,5.9,74.1,18.9,"3,259.0",35.4,227.5,20.3,31.7,11.3,"1,235.7",30.9,127.4,2.9,27.8,6.0,"1,982.1"
20191210,792.2,156.8,5.2,75.5,21.3,"3,358.6",31.1,184.1,14.0,24.9,13.0,"1,083.7",30.6,134.6,8.7,27.0,6.1,"2,064.8"
20191209,862.3,153.3,5.9,70.7,17.5,"3,402.2",23.0,178.7,14.6,22.1,11.2,"1,024.2",30.3,135.7,3.4,24.6,4.7,"2,124.0"
20191206,852.8,161.1,5.5,77.1,8.2,"3,485.7",40.1,261.1,16.6,34.8,9.0,"1,291.2",30.8,126.9,3.3,27.6,2.5,"2,057.5"
20191205,795.4,155.8,5.0,70.8,12.1,"3,369.0",38.4,230.3,15.0,29.8,9.9,"1,176.8",32.2,130.7,3.6,25.4,3.2,"2,134.2"
20191204,950.2,165.5,5.8,79.7,14.2,"3,718.8",33.8,274.9,20.4,34.5,8.7,"1,322.1",30.7,134.7,8.6,27.0,4.8,"2,164.4"
20191203,862.3,171.0,5.5,79.7,13.3,"3,674.5",47.5,328.8,17.4,38.2,10.1,"1,627.3",36.7,154.7,3.6,30.3,5.8,"2,319.1"
20191202,801.0,152.7,5.0,78.4,10.8,"3,302.0",41.2,325.6,16.5,34.7,11.1,"1,477.9",33.8,147.7,8.8,29.8,5.1,"2,246.2"
20191129,514.9,77.8,2.8,31.9,2.1,"1,761.1",20.3,176.7,9.4,18.7,5.0,820.5,14.7,69.9,10.2,12.7,1.9,"1,107.8"
20191127,739.2,140.9,4.2,54.5,9.2,"3,050.2",23.1,182.5,10.9,20.7,10.6,929.2,26.5,115.9,4.3,23.4,4.7,"1,750.6"
20191126,"1,667.0",173.4,5.6,71.3,9.2,"4,707.0",32.0,219.2,18.7,28.8,9.3,"1,168.3",33.3,137.4,5.8,29.6,5.7,"2,441.2"
20191125,825.1,155.1,5.3,69.0,7.7,"3,516.4",29.1,225.4,12.9,25.3,7.4,"1,170.9",32.1,143.6,4.2,31.0,5.9,"2,263.9"
20191122,726.4,142.9,5.1,59.9,12.7,"3,244.0",25.7,158.6,10.6,21.5,13.4,936.9,29.7,121.4,7.6,22.6,5.3,"1,890.7"
20191121,830.1,182.1,5.3,74.4,13.1,"3,746.3",31.6,224.7,10.7,25.8,7.8,"1,129.8",34.2,140.1,2.6,25.9,13.0,"2,073.8"
20191120,"1,031.3",179.1,5.5,79.4,9.7,"4,047.5",42.3,262.7,15.5,31.1,13.2,"1,342.1",40.7,171.5,3.6,30.8,5.3,"2,608.9"
20191119,852.2,159.4,4.8,68.3,13.3,"3,624.3",31.2,206.2,11.7,24.2,16.9,"1,126.0",34.4,135.7,9.0,24.1,7.2,"2,100.0"
20191118,837.1,148.8,5.0,67.5,13.4,"3,447.9",29.0,204.4,14.4,22.4,9.0,"1,149.6",34.1,129.7,4.0,24.4,5.4,"2,054.1"
20191115,864.2,150.2,5.0,64.6,16.5,"3,365.0",28.6,201.1,11.0,23.8,22.0,"1,086.1",33.5,143.9,4.2,23.8,8.1,"2,200.3"
20191114,728.0,151.7,4.2,70.2,8.2,"3,291.2",30.8,199.4,10.6,24.7,18.4,"1,109.0",33.1,147.9,7.4,24.2,8.3,"2,118.4"
20191113,801.2,164.8,4.4,71.7,9.7,"3,516.3",36.7,227.8,11.5,28.2,12.3,"1,174.0",33.7,151.3,2.9,24.8,6.8,"2,180.2"
20191112,797.1,163.5,4.3,74.8,10.4,"3,502.1",35.0,219.1,12.2,27.3,8.6,"1,190.7",31.7,139.7,4.3,25.4,7.3,"2,003.4"
20191111,772.2,140.6,4.2,65.7,7.3,"3,053.1",24.0,157.9,12.3,22.3,10.1,857.8,27.7,117.7,4.5,21.7,6.2,"1,721.6"
20191108,830.6,178.6,4.8,77.6,9.7,"3,514.8",34.3,233.8,11.8,30.7,20.8,"1,133.8",31.4,133.4,4.0,25.0,5.8,"1,983.4"
20191107,969.9,200.3,5.8,83.0,8.4,"4,159.1",47.7,322.1,13.7,36.4,11.7,"1,521.8",37.6,161.8,3.1,26.3,6.8,"2,403.7"
20191106,"1,001.9",222.9,6.1,91.3,10.3,"4,479.3",38.4,251.6,12.7,30.3,10.9,"1,227.6",34.7,164.1,11.6,27.0,9.7,"2,351.0"
20191105,998.4,214.3,7.1,94.6,8.0,"4,500.2",39.1,270.5,12.5,32.4,7.1,"1,308.4",37.9,153.1,4.8,29.3,4.9,"2,329.0"
20191104,955.6,194.1,6.1,90.9,9.8,"4,181.9",35.5,247.2,14.6,33.6,12.1,"1,337.5",35.8,144.8,3.0,30.1,5.3,"2,166.8"
20191101,864.2,191.5,6.1,87.9,8.1,"3,965.5",40.4,300.5,11.5,37.2,16.9,"1,412.2",38.6,141.9,5.7,28.9,7.6,"2,074.4"
20191031,"1,159.9",188.0,5.4,82.3,5.4,"4,152.4",40.4,293.3,14.6,31.9,11.4,"1,408.2",38.8,157.0,3.2,25.9,8.0,"2,276.2"
20191030,837.6,194.4,5.6,77.6,7.8,"3,780.3",41.6,263.1,13.1,31.2,7.2,"1,236.8",36.0,142.6,2.5,23.4,3.9,"1,936.1"
20191029,820.7,174.2,4.9,76.2,10.8,"3,607.1",34.4,208.1,12.5,27.2,8.0,"1,086.1",33.8,129.4,9.5,23.7,4.6,"1,849.7"
20191028,780.4,172.9,4.5,70.2,7.7,"3,528.7",34.7,222.1,13.5,27.1,9.0,"1,140.2",32.0,137.3,3.9,22.7,5.2,"1,961.3"
20191025,793.1,157.7,4.3,71.3,7.2,"3,393.4",35.8,229.8,15.3,27.6,10.0,"1,107.4",33.0,133.3,2.6,22.2,3.6,"1,911.7"
20191024,807.0,179.4,5.0,70.5,7.8,"3,697.7",34.6,223.3,11.5,22.5,10.2,"1,064.6",35.3,129.8,2.4,21.4,4.1,"1,893.6"
20191023,775.6,167.4,4.1,66.9,7.9,"3,416.3",29.8,190.5,9.8,24.6,7.6,966.7,31.1,124.6,3.3,21.8,5.7,"1,823.3"
20191022,763.0,175.9,4.7,70.3,12.8,"3,538.2",35.4,214.4,10.5,25.5,11.5,"1,120.7",33.3,132.8,5.6,22.0,5.8,"1,854.3"
20191021,779.2,149.6,4.6,61.5,8.0,"3,273.0",29.6,202.8,10.9,22.9,9.2,"1,054.5",31.2,114.7,2.2,22.4,3.8,"1,756.6"
20191018,869.4,151.0,4.4,66.5,14.9,"3,274.2",32.6,213.2,11.2,24.8,27.2,"1,084.3",36.8,135.7,3.8,24.6,8.6,"2,021.3"
20191017,732.0,143.9,4.0,63.1,8.1,"3,106.0",32.0,218.7,12.7,25.3,17.7,"1,125.8",31.8,125.2,2.2,22.8,8.1,"1,864.0"
20191016,761.6,151.0,4.2,67.7,6.1,"3,238.9",36.2,225.0,9.6,24.3,17.4,"1,121.4",34.1,134.0,4.8,23.1,5.8,"1,902.1"
20191015,735.0,163.8,4.4,70.9,7.2,"3,346.4",42.9,258.7,12.4,28.0,11.0,"1,274.0",35.5,126.4,2.8,23.5,4.3,"1,842.0"
20191014,650.2,113.1,3.2,53.8,10.0,"2,578.0",25.7,165.2,14.0,18.0,5.0,849.9,25.0,93.9,9.3,18.0,4.5,"1,431.1"
20191011,865.8,178.0,5.0,83.8,7.6,"3,582.7",69.0,393.3,13.5,42.0,13.6,"1,827.6",42.7,156.7,2.9,28.1,4.9,"2,185.0"
20191010,803.0,152.7,4.7,71.8,7.5,"3,237.0",41.7,248.1,11.1,26.6,14.6,"1,235.3",33.8,125.5,3.4,23.2,4.9,"1,794.6"
20191009,663.3,131.2,3.9,64.3,6.4,"2,739.7",34.7,217.6,9.2,26.7,9.0,"1,121.2",28.6,107.4,4.4,21.1,2.2,"1,565.9"
20191008,811.1,167.4,4.8,77.8,9.1,"3,376.2",50.2,312.5,11.1,31.8,10.4,"1,526.8",38.0,137.8,4.1,24.9,4.7,"1,945.4"
20191007,847.2,131.7,4.0,61.8,6.0,"2,964.7",34.8,243.4,10.7,23.5,13.3,"1,145.1",29.9,119.4,2.6,20.3,4.5,"1,760.0"
20191004,721.6,144.5,4.3,66.4,7.6,"3,007.0",39.0,250.9,11.0,28.7,11.4,"1,276.0",30.4,123.7,2.6,22.4,5.5,"1,748.3"
20191003,811.0,161.7,5.3,82.9,7.7,"3,524.7",60.7,376.1,11.5,35.3,14.8,"1,748.8",39.6,148.1,6.2,26.5,5.5,"2,160.7"
20191002,942.7,177.2,5.7,82.4,8.0,"3,917.0",59.4,360.3,14.2,39.0,23.5,"1,787.6",43.8,179.8,3.8,28.5,6.0,"2,503.6"
20191001,815.4,171.0,5.5,79.7,8.5,"3,583.2",54.5,354.7,13.0,33.6,19.0,"1,724.7",38.2,158.8,5.7,26.5,5.2,"2,253.3"
20190930,903.0,136.5,4.6,68.4,7.2,"3,251.7",36.8,231.5,16.8,33.0,10.8,"1,276.6",28.4,108.5,3.0,23.7,4.4,"1,809.5"
20190927,787.4,160.8,5.4,68.7,11.2,"3,254.0",57.1,305.9,13.7,32.8,6.7,"1,495.9",36.2,152.5,3.5,24.8,5.9,"2,041.7"
20190926,758.8,146.1,4.9,68.5,14.8,"3,088.3",40.2,228.1,11.5,30.3,12.0,"1,230.3",32.7,136.9,5.5,22.3,5.8,"1,889.0"
20190925,853.1,154.6,5.2,67.4,12.3,"3,344.6",43.6,267.9,14.0,29.1,11.5,"1,416.0",32.7,133.6,5.1,24.3,6.8,"2,024.3"
20190924,958.4,203.1,5.9,78.5,9.7,"3,879.0",56.2,299.3,15.6,35.3,12.0,"1,640.1",39.7,151.3,5.3,26.3,7.5,"2,312.9"
20190923,827.7,140.3,4.7,62.2,8.2,"3,193.8",30.5,188.2,14.7,22.6,10.1,"1,072.2",26.5,107.3,3.5,20.9,8.4,"1,782.3"
20190920,"2,947.1",197.7,7.2,78.7,11.4,"6,296.0",50.6,277.6,103.7,35.1,20.9,"1,598.6",33.4,136.9,6.9,26.0,8.2,"3,366.6"
20190919,820.6,150.6,6.1,65.5,7.2,"3,271.4",34.7,209.4,14.3,28.5,19.1,"1,190.0",28.7,119.0,4.4,24.6,7.9,"1,819.4"
20190918,873.8,161.5,6.3,69.5,11.9,"3,460.0",48.1,265.0,14.9,33.3,13.4,"1,414.4",32.1,129.8,3.6,24.2,5.0,"2,045.6"
20190917,842.1,165.5,6.3,74.7,8.0,"3,678.5",47.4,268.8,13.1,36.8,14.5,"1,514.5",29.8,118.1,4.8,24.3,6.8,"1,858.9"
20190916,917.5,195.7,7.1,94.5,11.3,"4,293.7",47.4,301.2,19.9,37.4,24.3,"1,672.3",29.9,116.8,5.5,26.0,5.6,"1,878.8"
20190913,821.2,164.5,6.2,79.5,6.9,"3,559.5",45.3,243.3,13.2,32.0,19.5,"1,472.5",33.3,126.6,4.0,26.3,6.0,"1,985.2"
20190912,858.6,190.7,6.7,82.2,8.5,"3,802.3",58.8,308.1,14.7,34.5,21.9,"1,617.7",37.2,154.3,4.0,27.8,8.0,"2,228.8"
20190911,855.3,187.7,6.6,80.6,7.6,"3,940.6",46.2,255.3,15.7,30.7,18.7,"1,487.7",38.8,151.4,7.2,29.1,6.2,"2,326.3"
20190910,940.4,205.6,7.8,93.2,10.3,"4,395.2",49.3,255.1,13.9,33.6,13.9,"1,433.9",39.0,152.9,4.2,31.7,7.8,"2,366.3"
20190909,897.1,188.4,7.2,79.6,9.2,"4,037.7",41.0,243.6,14.8,31.5,12.9,"1,375.0",33.4,136.3,5.6,25.9,6.3,"2,188.5"
20190906,740.2,150.6,5.2,62.1,5.2,"3,214.4",42.3,230.4,11.8,29.4,8.2,"1,262.3",30.3,118.6,3.7,23.7,13.6,"1,879.7"
20190905,882.8,190.6,6.1,70.6,9.2,"3,906.9",52.4,328.3,15.3,33.9,13.2,"1,712.1",34.3,139.9,5.1,24.5,6.1,"2,110.4"
20190904,754.4,146.4,5.7,59.7,9.7,"3,173.1",39.1,230.1,12.4,26.9,9.9,"1,235.4",30.8,122.3,3.2,22.9,7.9,"1,893.9"
20190903,857.1,158.7,6.2,62.2,4.9,"3,435.4",47.4,271.9,15.6,27.0,10.7,"1,526.5",33.4,129.6,3.5,23.3,4.4,"1,939.4"
20190830,888.4,129.9,4.7,54.3,5.6,"3,034.6",38.1,213.7,11.5,34.0,7.1,"1,195.2",26.6,108.6,2.1,20.4,4.5,"1,668.1"
20190829,718.1,151.0,5.2,58.3,8.0,"3,182.7",43.6,235.4,14.4,27.1,10.2,"1,296.9",28.9,111.7,4.7,19.5,5.8,"1,706.2"
20190828,711.0,144.0,5.1,55.8,7.6,"3,106.6",40.5,220.4,13.1,24.9,11.2,"1,224.4",28.5,108.0,3.3,19.3,4.8,"1,664.5"
20190827,916.6,161.6,5.6,62.4,11.8,"3,563.7",46.9,253.2,16.0,28.1,17.6,"1,399.6",29.9,123.4,2.8,22.1,3.9,"1,915.2"
20190826,710.3,128.3,4.3,52.5,6.6,"2,863.7",40.7,237.2,12.4,21.8,11.9,"1,267.3",28.3,113.3,3.5,18.9,4.7,"1,693.3"
20190823,978.2,201.9,5.7,63.4,7.1,"3,949.4",75.6,404.9,16.1,29.4,5.4,"2,040.3",40.4,160.8,6.4,25.3,4.2,"2,217.5"
20190822,695.0,134.3,4.6,47.4,6.9,"2,905.3",34.2,197.5,11.8,20.2,9.0,"1,056.7",27.6,116.9,9.4,19.3,6.0,"1,787.8"
20190821,682.6,140.0,4.6,45.1,8.1,"3,029.8",34.9,191.3,12.8,19.1,11.8,"1,099.1",26.7,110.2,7.1,17.1,6.4,"1,726.3"
20190820,713.5,140.4,4.7,48.4,10.0,"3,078.2",33.5,212.9,13.4,25.6,6.8,"1,091.2",27.0,110.8,7.7,18.2,5.6,"1,755.9"
20190819,779.7,147.4,5.3,49.7,11.1,"3,232.1",34.8,221.5,17.3,26.4,8.4,"1,209.8",29.4,124.4,2.6,19.5,6.6,"1,946.6"
20190816,863.7,163.9,6.1,52.2,13.7,"3,526.9",41.4,235.1,12.7,30.7,13.0,"1,279.0",30.7,129.6,3.4,19.5,8.9,"2,019.5"
20190815,884.5,213.8,7.3,64.7,11.9,"4,050.5",58.4,319.1,12.5,40.6,18.2,"1,603.5",38.7,158.3,6.1,23.7,6.8,"2,193.7"
20190814,991.0,219.9,8.5,69.0,17.0,"4,327.8",76.4,377.3,14.7,48.0,10.4,"1,983.1",43.9,183.7,4.6,24.3,7.4,"2,544.0"
20190813,856.7,188.2,7.4,60.9,16.7,"3,857.8",69.5,361.5,15.6,43.5,11.3,"1,845.0",39.2,168.8,3.5,21.1,9.0,"2,353.7"
20190812,799.6,150.8,6.4,53.7,19.2,"3,311.4",44.1,254.1,14.7,29.4,7.7,"1,323.5",34.5,136.0,3.8,19.2,4.6,"2,069.1"
20190809,777.1,153.2,6.1,53.2,9.7,"3,358.3",45.1,249.7,19.1,28.1,23.2,"1,355.5",35.6,146.9,3.5,20.5,7.3,"2,221.4"
20190808,"1,035.2",183.6,7.0,60.7,15.8,"4,126.2",48.4,289.4,21.4,34.0,25.9,"1,621.4",38.3,163.7,6.4,21.3,7.7,"2,445.2"
20190807,"1,020.9",216.3,8.1,69.6,11.3,"4,524.5",76.8,413.4,19.8,40.0,13.7,"2,159.9",44.1,171.6,6.3,23.0,5.9,"2,472.7"
20190806,926.9,197.4,7.6,57.8,10.9,"4,160.1",52.8,327.2,16.0,35.9,12.0,"1,723.7",38.6,153.3,3.7,21.7,5.0,"2,218.0"
20190805,"1,101.7",213.2,8.1,64.8,8.6,"4,546.2",76.8,482.7,22.1,49.6,10.9,"2,388.0",50.8,188.0,4.7,25.3,5.6,"2,661.8"
20190802,883.0,190.3,7.4,40.5,9.4,"3,884.7",61.2,333.4,15.8,23.9,9.1,"1,766.7",42.1,156.8,4.3,17.1,11.2,"2,262.4"
20190801,"1,053.5",232.5,9.2,40.7,15.0,"4,796.0",79.5,503.9,20.3,27.7,8.2,"2,434.4",48.7,201.2,5.8,17.5,5.3,"2,815.9"
20190731,"1,307.9",210.5,7.5,37.1,7.5,"4,683.4",56.1,373.4,20.7,17.9,8.9,"1,800.0",41.6,181.8,9.3,16.7,5.7,"2,684.1"
20190730,774.5,181.1,6.2,30.2,8.2,"3,633.7",30.1,192.9,14.9,10.8,11.5,"1,061.2",29.5,130.9,2.9,12.5,5.4,"1,893.6"
20190729,748.4,140.4,5.2,25.2,6.0,"3,229.5",26.4,176.7,12.8,9.4,5.2,988.8,29.1,120.4,4.2,11.3,6.4,"1,884.2"
20190726,739.8,158.1,5.4,26.4,8.0,"3,263.8",23.9,160.9,12.8,8.9,6.7,866.5,29.1,124.7,3.1,12.3,9.5,"1,975.3"
20190725,847.3,179.0,6.5,29.1,9.7,"3,660.9",33.2,232.1,13.6,10.8,9.1,"1,129.9",30.4,139.3,4.5,12.4,6.9,"2,059.1"
20190724,782.1,155.4,5.8,27.4,10.5,"3,437.8",28.0,180.6,12.3,8.4,13.4,997.6,28.3,125.4,5.0,13.1,6.4,"1,955.7"
20190723,704.2,160.0,5.2,26.6,12.1,"3,335.4",27.2,190.5,12.7,9.3,11.7,"1,004.4",27.4,119.4,3.5,11.6,6.5,"1,845.7"
20190722,735.0,133.7,4.8,24.8,7.2,"3,034.1",22.8,169.9,13.4,8.7,7.8,936.8,26.9,125.1,10.6,11.6,7.4,"1,868.4"
20190719,804.2,144.7,6.9,27.2,9.8,"3,287.7",34.7,227.9,14.6,12.2,21.2,"1,221.3",30.1,121.5,3.6,12.9,13.5,"1,893.1"
20190718,740.9,152.4,6.7,27.3,10.1,"3,376.4",37.2,250.6,17.4,11.9,14.4,"1,373.4",32.9,139.2,3.6,12.6,6.9,"2,063.8"
20190717,712.1,144.9,6.3,27.0,6.3,"3,195.6",29.8,203.5,14.5,10.3,9.9,"1,133.5",28.5,125.5,4.7,12.6,9.9,"1,888.0"
20190716,685.3,151.8,5.8,27.1,21.3,"3,302.7",29.3,181.7,12.2,12.3,13.4,"1,061.2",29.1,122.2,4.9,11.9,8.0,"1,948.7"
20190715,688.5,124.3,4.7,22.9,6.2,"2,887.0",21.7,142.5,15.0,6.9,6.3,835.8,24.6,114.5,4.8,10.3,5.1,"1,793.1"
20190712,674.1,133.4,5.2,25.2,6.0,"2,987.3",31.4,155.0,19.1,9.0,10.8,951.7,27.3,116.2,3.9,11.4,8.7,"1,837.0"
20190711,686.4,138.5,5.9,26.8,9.4,"3,157.6",36.7,207.0,13.7,11.3,5.0,"1,080.4",29.8,129.5,5.0,12.5,4.0,"1,972.3"
20190710,721.0,141.3,6.7,27.9,7.8,"3,177.8",40.3,231.1,15.6,12.2,6.2,"1,227.3",32.7,136.5,6.4,12.9,8.6,"2,069.3"
20190709,675.1,138.2,5.8,27.9,16.1,"3,040.9",29.4,174.8,17.5,9.4,7.7,968.8,27.8,115.1,5.3,14.2,5.7,"1,873.6"
20190708,743.7,122.4,5.1,26.3,8.9,"2,929.1",31.7,187.1,13.6,9.3,6.8,958.7,27.1,118.7,3.2,13.0,5.1,"1,957.4"
20190705,585.6,112.7,5.0,23.9,5.5,"2,441.9",38.7,220.3,14.7,12.8,7.1,"1,091.9",25.1,109.8,3.9,12.9,3.9,"1,691.9"
20190703,506.7,92.6,4.1,16.5,6.9,"1,963.7",25.0,141.2,11.1,8.0,2.7,750.3,20.2,118.7,2.6,8.5,1.8,"1,548.3"
20190702,743.9,146.1,6.9,32.3,9.2,"3,235.0",45.2,258.4,15.2,15.5,14.1,"1,375.7",31.4,138.5,5.3,15.4,12.1,"1,958.4"
20190701,835.4,184.3,7.4,34.6,17.4,"3,555.7",48.1,312.5,16.7,18.0,7.2,"1,533.5",39.0,158.8,12.8,17.2,10.6,"2,227.6"
20190628,"2,422.8",188.2,8.4,43.4,7.1,"5,740.1",40.4,264.2,110.8,19.3,8.1,"1,471.9",40.8,174.9,128.4,21.3,4.0,"4,225.4"
20190627,728.7,165.1,6.6,35.7,10.8,"3,163.9",30.5,203.3,16.0,14.6,7.1,"1,073.2",34.1,161.2,4.3,16.7,5.6,"2,083.9"
20190626,823.9,195.2,8.7,35.8,6.8,"3,513.8",33.1,238.9,19.4,13.7,13.6,"1,226.2",36.2,161.1,8.6,16.4,5.5,"2,127.3"
20190625,883.2,194.8,7.6,36.4,7.1,"3,585.8",46.4,297.6,20.8,19.8,17.7,"1,531.5",40.8,164.9,4.6,16.7,7.0,"2,133.5"
20190624,804.2,160.3,6.9,33.6,15.4,"3,139.4",32.8,241.9,23.3,16.5,11.6,"1,288.3",33.8,157.5,3.9,16.7,12.6,"2,073.5"
20190621,"2,184.8",192.2,7.4,42.0,9.4,"5,110.0",37.1,268.1,85.4,21.0,12.2,"1,443.0",37.7,151.6,29.7,18.5,9.0,"2,935.7"
20190620,980.8,207.2,7.4,43.9,6.4,"3,949.5",48.7,365.8,19.8,30.8,17.8,"1,841.8",36.3,161.2,4.9,16.7,6.5,"2,109.3"
20190619,809.2,178.6,6.7,39.0,6.4,"3,302.0",41.4,264.6,13.5,22.9,14.3,"1,374.7",34.7,160.3,3.5,16.7,6.0,"2,027.5"
20190618,775.9,185.3,7.4,40.8,6.8,"3,444.7",47.5,296.1,16.7,27.2,19.5,"1,540.7",40.0,171.1,4.3,18.6,8.3,"2,250.8"
20190617,686.2,148.8,6.0,33.7,7.1,"2,832.9",25.0,195.8,13.3,15.3,8.5,977.3,31.1,153.3,3.8,16.9,5.4,"1,950.6"
20190614,734.7,157.7,5.7,36.3,7.6,"2,994.5",31.0,197.5,17.3,18.2,19.4,"1,105.0",30.1,134.7,3.0,16.1,4.9,"1,808.4"
20190613,717.2,159.2,5.7,38.2,10.9,"3,107.4",32.7,216.4,14.9,17.0,12.6,"1,157.0",30.6,135.7,3.4,15.4,5.8,"1,848.6"
20190612,686.5,163.7,6.7,37.9,13.7,"3,049.5",30.3,207.1,12.4,15.8,14.4,"1,052.0",31.3,149.7,5.2,14.7,5.9,"1,980.7"
20190611,889.8,168.4,8.3,41.0,14.0,"3,576.2",33.8,221.4,15.2,16.1,21.4,"1,180.6",37.9,162.3,9.1,16.4,6.2,"2,126.4"
20190610,745.5,165.0,8.2,39.0,6.2,"3,214.9",30.7,245.9,19.3,17.4,9.6,"1,250.2",39.4,150.9,4.8,16.8,5.9,"2,043.4"
20190607,736.2,171.0,7.0,38.7,7.1,"3,252.6",39.5,250.3,12.8,18.3,13.8,"1,271.9",37.2,152.7,3.5,16.3,7.5,"2,074.4"
20190606,802.4,173.9,6.4,39.4,8.0,"3,457.7",36.0,251.2,12.6,18.1,14.3,"1,272.2",35.9,144.7,6.6,16.2,7.5,"2,096.9"
20190605,829.0,180.0,6.7,41.6,8.6,"3,580.7",41.4,313.1,14.9,24.2,12.3,"1,480.3",36.5,163.4,6.0,17.2,5.3,"2,141.9"
20190604,922.2,195.8,7.8,46.2,9.9,"3,847.3",42.8,292.2,15.6,23.0,15.4,"1,434.0",45.2,174.9,18.8,19.1,7.8,"2,389.0"
20190603,"1,011.3",198.8,8.6,49.9,11.2,"3,981.3",58.4,363.5,16.2,28.3,14.5,"1,870.1",51.0,199.8,11.1,20.5,8.1,"2,587.8"
20190531,"1,014.2",195.5,8.2,46.4,23.1,"4,002.3",52.5,326.0,16.2,27.9,13.4,"1,700.7",41.9,164.4,9.2,19.8,6.9,"2,244.8"
20190530,701.6,168.9,6.4,43.0,18.9,"3,277.9",38.8,231.2,12.0,20.4,17.2,"1,213.3",36.5,140.2,3.1,17.2,5.9,"1,875.4"
20190529,829.5,185.9,7.8,48.8,12.0,"3,707.4",46.8,285.8,13.5,25.8,12.4,"1,503.6",45.6,169.6,5.9,21.5,5.2,"2,284.2"
20190528,"1,525.6",172.9,6.9,46.9,10.3,"4,227.8",34.3,253.9,19.4,22.1,10.7,"1,310.8",39.3,148.4,18.4,20.4,6.4,"2,393.4"
20190524,641.0,142.7,5.4,36.5,4.8,"2,890.6",31.2,182.9,11.6,15.6,7.1,951.9,28.9,128.2,2.6,16.1,6.3,"1,685.2"
20190523,875.7,209.2,7.8,50.9,19.4,"3,905.1",50.7,298.2,14.8,27.5,12.5,"1,564.4",43.1,172.6,5.9,22.5,12.8,"2,272.7"
20190522,690.1,167.6,6.8,40.8,10.8,"3,198.3",30.2,194.6,10.6,17.1,11.4,"1,028.8",31.4,154.7,3.7,16.5,10.3,"1,885.5"
20190521,748.2,164.4,6.3,38.4,7.8,"3,237.3",29.4,192.0,11.7,15.9,12.4,"1,009.7",33.5,150.6,7.3,17.2,7.4,"2,004.2"
20190520,789.2,171.7,6.0,37.9,4.9,"3,309.8",35.5,218.1,12.3,17.6,13.9,"1,076.1",41.4,170.2,4.3,18.4,6.2,"2,131.8"
20190517,880.9,167.6,6.5,42.0,14.7,"3,324.9",44.6,259.5,17.7,21.1,23.0,"1,337.4",41.2,163.6,5.8,19.8,8.3,"2,178.6"
20190516,763.1,175.7,6.3,40.6,8.6,"3,342.1",37.0,231.3,12.8,19.2,15.9,"1,212.7",39.6,159.3,5.7,18.2,12.0,"2,170.7"
20190515,727.8,177.8,7.1,38.4,10.2,"3,145.0",44.3,262.2,13.6,19.9,19.5,"1,271.2",38.7,151.9,5.6,18.7,6.8,"2,015.9"
20190514,800.1,177.4,6.7,40.8,7.4,"3,386.2",40.8,271.2,14.9,22.2,16.0,"1,339.0",41.8,150.2,12.6,19.2,6.8,"2,112.5"
20190513,936.6,215.9,8.3,49.2,8.4,"3,905.7",68.3,392.4,18.4,33.3,20.2,"1,941.2",50.4,188.7,5.8,22.9,11.2,"2,486.4"
20190510,869.4,202.6,8.0,44.1,7.0,"3,572.9",57.6,304.5,14.2,25.8,14.7,"1,555.6",44.5,186.7,4.0,20.3,7.3,"2,421.5"
20190509,836.9,212.6,7.3,46.0,8.4,"3,662.2",62.5,339.4,14.6,26.9,17.6,"1,637.2",50.0,206.6,4.0,21.2,8.1,"2,549.5"
20190508,822.0,203.4,6.6,40.7,17.4,"3,550.7",49.2,273.4,13.4,21.9,15.6,"1,398.1",41.7,172.5,6.2,18.0,9.1,"2,217.4"
20190507,926.5,217.0,8.1,50.0,12.1,"3,797.0",61.6,355.4,13.9,29.7,19.5,"1,750.6",51.5,188.2,4.0,22.7,5.6,"2,397.6"
20190506,801.6,178.7,5.7,38.4,6.8,"3,205.9",45.1,318.0,13.2,26.6,9.6,"1,369.8",35.9,158.9,3.1,17.3,5.3,"1,979.7"
20190503,795.1,186.7,6.3,40.3,8.9,"3,359.0",36.0,247.5,14.6,23.0,13.8,"1,119.1",39.9,164.3,2.9,19.2,7.4,"2,081.1"
20190502,842.8,207.9,7.6,43.8,8.1,"3,807.2",50.8,313.4,13.8,30.1,8.9,"1,420.3",45.9,175.5,4.0,19.3,12.1,"2,212.0"
20190501,874.9,187.4,6.2,44.3,9.5,"3,677.3",53.9,369.5,14.6,36.5,8.1,"1,567.3",42.4,176.4,5.9,19.4,10.9,"2,276.2"
20190430,"1,082.1",204.8,6.3,49.3,13.5,"3,979.7",43.3,252.7,21.2,27.0,18.1,"1,231.4",39.7,167.6,15.7,20.8,5.2,"2,144.5"
20190429,751.1,156.5,5.5,41.8,13.7,"3,160.2",31.8,199.9,11.8,21.9,9.5,983.6,34.5,135.7,2.7,18.5,14.2,"1,782.1"
20190426,770.8,169.1,5.6,45.0,11.6,"3,269.8",38.7,277.1,15.1,29.2,17.5,"1,245.6",38.2,154.9,2.9,20.8,6.5,"1,982.6"
20190425,799.7,194.5,6.3,50.7,9.1,"3,447.2",40.4,253.9,14.1,25.6,7.2,"1,190.7",39.8,172.8,5.4,21.2,6.6,"2,075.9"
20190424,809.4,186.6,6.0,48.0,11.5,"3,473.4",41.2,254.8,13.6,26.4,8.2,"1,185.1",35.6,165.6,2.6,20.5,8.8,"2,043.3"
20190423,832.9,196.5,7.0,51.7,10.0,"3,683.8",41.0,233.1,16.7,23.9,7.9,"1,204.5",36.1,160.4,5.6,21.9,9.7,"2,102.1"
20190422,732.7,151.3,5.7,44.7,17.5,"3,012.9",31.0,220.7,15.5,20.5,15.1,"1,102.5",27.8,141.2,2.3,18.0,5.3,"1,791.2"
20190418,880.0,181.6,6.6,47.3,15.8,"3,515.4",44.6,261.0,15.8,25.5,17.5,"1,259.6",38.4,160.1,5.1,21.0,13.6,"2,127.0"
20190417,849.9,188.3,7.2,48.1,10.5,"3,656.5",42.9,254.4,15.3,27.0,12.9,"1,247.3",41.8,183.8,6.0,20.1,9.9,"2,320.0"
20190416,767.8,182.9,6.3,44.3,11.2,"3,411.1",39.0,245.6,13.7,23.9,11.0,"1,131.9",37.8,172.2,9.2,18.2,12.5,"2,109.1"
20190415,760.7,157.8,5.4,44.5,10.5,"3,120.4",33.2,204.6,13.0,22.5,7.7,968.8,32.9,150.5,2.3,19.1,8.2,"1,827.8"
20190412,810.8,209.0,6.4,51.9,8.8,"3,732.3",43.0,252.2,11.7,26.0,9.9,"1,179.4",34.3,158.5,2.6,20.0,8.2,"1,968.9"
20190411,711.4,151.1,5.4,46.3,9.8,"2,976.8",42.3,241.7,12.7,27.8,12.6,"1,143.7",38.2,163.6,3.8,20.4,9.1,"1,970.8"
20190410,750.2,157.1,4.9,44.6,12.5,"3,098.1",39.1,224.3,14.3,22.8,12.4,"1,133.5",34.8,167.2,2.2,19.1,6.6,"2,012.3"
20190409,721.0,152.9,5.6,47.8,8.7,"3,036.3",40.5,259.1,16.4,21.3,10.1,"1,304.0",37.4,163.2,5.4,22.0,4.2,"2,081.6"
20190408,753.6,150.9,5.8,46.1,7.5,"3,065.8",36.0,216.9,14.4,20.5,14.5,"1,066.8",34.6,164.5,2.2,19.5,3.9,"2,075.6"
20190405,779.6,153.7,5.5,48.3,8.7,"3,160.4",41.0,222.6,13.0,23.1,10.4,"1,148.8",36.0,169.9,2.7,22.2,5.9,"2,157.1"
20190404,715.8,158.4,5.4,50.3,8.8,"3,041.1",44.7,259.1,14.1,27.1,11.3,"1,225.1",41.6,180.4,3.0,23.5,4.6,"2,152.6"
20190403,897.7,178.9,6.3,54.4,19.8,"3,597.7",50.6,274.6,12.8,28.9,10.2,"1,345.2",50.7,198.5,3.3,26.4,6.9,"2,509.6"
20190402,749.0,163.4,5.8,53.7,9.7,"3,273.0",35.5,228.2,13.8,24.3,12.2,"1,161.9",36.5,163.8,4.0,22.7,5.5,"2,124.7"
20190401,844.9,179.1,6.5,59.1,9.2,"3,567.7",52.3,312.0,14.7,34.3,8.6,"1,535.9",44.2,168.8,3.4,24.6,6.3,"2,230.5"
20190329,"1,131.1",175.7,6.7,62.4,11.9,"3,794.0",54.7,298.8,19.1,29.1,11.7,"1,401.3",48.5,171.9,3.9,26.5,8.3,"2,312.4"
20190328,759.6,158.9,5.8,54.8,16.7,"3,189.5",48.8,294.4,13.3,27.0,16.8,"1,267.3",41.0,157.5,2.5,21.7,4.8,"1,922.2"
20190327,827.1,179.7,6.3,58.5,12.4,"3,426.4",60.5,329.3,13.7,31.0,21.9,"1,454.6",49.2,177.6,3.0,25.9,5.4,"2,244.1"
20190326,833.6,170.2,5.5,55.1,14.0,"3,303.4",49.6,275.6,12.8,24.9,17.5,"1,253.7",46.7,166.6,4.8,23.2,8.6,"2,082.6"
20190325,819.5,177.5,5.8,58.6,11.5,"3,409.9",63.3,319.1,14.6,32.7,13.8,"1,488.8",49.9,174.0,2.5,27.2,6.2,"2,162.5"
20190322,"1,062.4",231.5,7.3,75.4,11.6,"4,259.8",90.3,420.9,16.7,45.1,16.6,"2,006.3",60.7,202.5,3.1,31.3,5.7,"2,504.7"
20190321,902.1,183.9,6.3,60.9,11.2,"3,624.5",59.4,328.4,16.2,32.0,16.2,"1,597.3",53.0,187.5,2.9,26.9,5.9,"2,502.8"
20190320,931.4,198.9,8.2,56.1,9.9,"3,782.1",67.7,351.7,14.3,28.8,12.6,"1,640.7",50.6,193.4,3.3,24.2,10.2,"2,464.2"
20190319,984.3,181.5,5.9,50.2,12.7,"3,667.5",51.4,253.3,16.6,19.0,13.8,"1,315.1",46.0,188.1,2.5,21.8,7.6,"2,457.9"
20190318,968.3,172.4,5.9,45.6,13.5,"3,638.2",40.6,225.2,14.2,18.8,14.1,"1,107.4",40.0,182.4,3.1,20.0,6.6,"2,302.5"
20190315,"2,821.1",192.1,6.5,55.4,15.5,"6,055.4",51.2,297.0,59.9,25.3,20.7,"1,479.8",44.8,185.0,3.2,22.9,11.1,"3,451.8"
20190314,926.4,175.4,6.1,46.6,12.0,"3,519.9",37.1,220.6,13.7,17.5,11.1,"1,060.0",39.2,179.9,3.7,20.4,7.4,"2,200.1"
20190313,987.4,201.8,6.8,50.4,15.3,"3,809.8",45.1,230.6,13.2,19.2,12.2,"1,208.9",45.1,192.2,5.1,21.4,5.2,"2,381.7"
20190312,836.2,189.3,6.5,52.3,13.1,"3,443.2",40.2,251.1,12.6,18.9,9.3,"1,239.4",44.8,177.3,4.6,22.2,7.0,"2,173.8"
20190311,924.0,192.1,6.3,52.7,44.9,"3,769.3",44.4,268.5,14.3,17.5,8.7,"1,221.7",42.1,172.4,2.6,23.7,12.2,"2,248.5"
20190308,826.2,175.7,6.2,48.7,15.8,"3,434.2",57.8,320.4,14.4,22.1,13.4,"1,527.8",45.0,181.7,2.6,21.3,6.3,"2,261.0"
20190307,926.8,217.6,6.5,57.8,28.6,"3,937.7",64.9,343.8,14.9,25.7,11.9,"1,622.3",48.2,204.2,3.6,24.1,6.8,"2,463.3"
20190306,894.0,218.7,6.3,52.8,23.9,"3,813.0",52.4,302.5,15.4,20.3,22.9,"1,460.7",44.3,182.6,6.4,22.9,8.2,"2,260.2"
20190305,895.4,201.7,6.2,50.5,20.9,"3,662.7",42.2,244.7,14.0,19.2,10.3,"1,185.3",39.9,172.5,12.3,22.7,5.0,"2,176.5"
20190304,987.8,214.0,6.6,53.4,15.4,"3,954.8",58.3,322.7,16.0,22.6,8.0,"1,545.2",50.8,210.2,3.0,23.9,5.5,"2,582.0"
20190301,968.7,222.9,6.6,54.4,25.3,"4,010.2",56.5,334.9,15.5,24.8,10.0,"1,569.2",45.1,202.8,4.7,22.9,11.5,"2,492.6"
20190228,"1,382.5",206.6,7.6,50.4,22.9,"4,556.8",43.6,267.1,23.3,17.1,9.6,"1,247.1",43.1,195.1,44.9,21.3,7.0,"2,718.6"
20190227,833.7,195.8,6.2,46.1,22.2,"3,773.7",42.9,228.0,14.8,14.4,8.1,"1,198.9",44.9,197.0,2.7,19.2,13.8,"2,430.8"
20190226,873.4,188.4,5.8,46.3,16.0,"3,682.0",39.4,237.4,18.4,13.3,11.8,"1,209.2",41.5,175.1,2.6,20.1,5.5,"2,305.8"
20190225,897.1,202.0,5.7,47.0,16.3,"3,862.6",42.0,252.0,14.4,16.2,10.7,"1,263.6",42.0,183.6,3.1,20.2,9.2,"2,399.5"
20190222,801.1,178.3,6.1,46.2,20.0,"3,431.7",38.6,220.9,14.6,15.0,9.7,"1,145.0",44.4,196.9,3.6,22.8,6.1,"2,428.6"
20190221,865.7,183.7,6.5,48.0,16.9,"3,609.4",42.7,240.3,16.8,14.7,12.2,"1,229.4",38.3,172.7,4.1,20.5,4.4,"2,145.8"
20190220,935.2,188.9,7.2,51.5,23.8,"3,907.4",44.5,257.9,17.5,17.4,14.6,"1,367.0",39.9,166.5,3.1,20.8,8.4,"2,202.7"
20190219,841.8,172.8,7.1,47.1,14.7,"3,538.3",38.1,259.2,17.6,14.3,9.0,"1,347.8",36.1,157.5,4.3,20.2,4.9,"2,125.5"
20190215,970.4,174.1,6.1,46.4,11.7,"3,671.6",42.6,248.1,16.9,16.4,12.2,"1,263.0",42.1,161.5,3.1,21.0,5.8,"2,263.8"
20190214,953.9,198.2,7.0,46.7,22.2,"3,849.9",48.7,278.4,15.5,14.8,12.3,"1,355.0",40.1,168.4,2.7,19.4,6.2,"2,117.5"
20190213,825.4,192.3,5.8,44.1,13.1,"3,690.2",41.8,234.0,12.6,14.8,13.2,"1,247.2",38.1,159.6,4.7,18.3,5.8,"2,106.0"
20190212,897.7,195.2,6.0,47.5,14.5,"3,867.9",38.4,233.3,13.5,15.3,14.0,"1,244.4",37.4,165.6,6.8,19.9,8.8,"2,144.4"
20190211,821.0,156.1,5.3,42.8,12.9,"3,403.0",31.2,216.2,10.4,11.7,12.0,"1,087.7",35.1,140.2,4.0,17.9,5.8,"1,910.3"
20190208,834.3,185.0,6.0,47.2,12.3,"3,650.8",37.3,237.9,11.2,14.2,10.7,"1,207.3",39.2,164.9,2.6,18.5,6.3,"2,102.5"
20190207,953.1,218.2,6.7,50.2,12.0,"4,120.5",52.6,313.3,10.8,17.2,18.2,"1,551.7",48.7,182.8,3.2,21.0,6.3,"2,310.9"
20190206,802.2,180.8,6.1,43.3,10.4,"3,494.5",38.3,248.5,10.0,14.3,11.9,"1,196.6",38.7,165.7,4.3,18.5,9.3,"2,181.0"
20190205,844.0,176.0,5.7,43.1,7.5,"3,599.9",38.2,252.6,10.7,15.4,15.1,"1,300.0",39.3,178.6,3.0,19.8,7.6,"2,285.0"
20190204,794.9,161.1,5.5,41.5,12.7,"3,372.3",35.7,227.7,9.9,14.7,13.0,"1,208.5",35.6,156.0,2.4,18.0,5.2,"2,106.0"
20190201,888.5,193.5,7.0,47.9,14.4,"3,785.6",43.3,270.7,10.7,17.3,11.8,"1,462.8",44.3,177.4,3.4,20.4,10.2,"2,399.2"
20190131,"1,420.5",245.7,8.4,56.0,11.6,"4,978.8",56.6,342.3,13.3,21.0,16.4,"1,788.6",49.2,211.0,12.5,23.7,8.6,"2,956.9"
20190130,846.2,222.8,7.1,49.3,7.2,"3,886.7",50.7,318.0,13.1,19.5,16.8,"1,623.3",50.3,213.9,4.2,21.1,11.2,"2,570.4"
20190129,778.7,188.3,5.6,41.8,8.6,"3,527.4",33.5,244.6,14.6,14.7,11.8,"1,307.4",35.3,162.5,3.5,17.2,6.8,"2,107.8"
20190128,824.0,197.3,6.3,43.0,10.0,"3,634.2",39.5,281.1,11.0,17.0,12.7,"1,425.4",45.4,185.8,2.3,18.6,7.7,"2,448.8"
20190125,878.1,206.1,6.0,45.4,9.4,"3,835.5",40.9,282.3,10.2,19.6,17.8,"1,407.9",46.3,193.6,4.2,20.5,13.7,"2,448.2"
20190124,791.3,183.5,5.0,40.0,10.9,"3,450.7",33.8,243.2,8.4,13.2,15.9,"1,221.6",42.3,211.3,2.3,18.0,10.8,"2,419.1"
20190123,775.7,176.2,5.2,39.5,16.2,"3,361.7",38.3,252.5,10.1,15.2,14.8,"1,315.9",41.5,195.2,2.3,17.9,8.8,"2,288.3"
20190122,977.3,202.1,5.7,44.7,12.7,"3,928.4",50.4,355.9,13.3,23.4,11.8,"1,810.4",45.1,188.8,2.3,20.1,14.3,"2,397.8"
20190118,"1,017.5",200.7,6.3,43.5,13.3,"4,016.4",45.0,342.8,12.8,17.9,18.0,"1,681.0",43.0,195.6,4.1,18.8,14.8,"2,461.8"
20190117,925.1,198.6,5.3,39.1,9.1,"3,813.5",38.7,277.0,10.0,15.5,16.4,"1,372.9",38.2,178.6,3.3,16.2,8.9,"2,150.9"
20190116,878.4,215.5,6.7,36.2,13.1,"3,897.6",35.6,274.8,9.7,13.7,25.8,"1,532.0",35.5,178.7,2.4,14.3,8.6,"2,164.0"
20190115,882.4,193.5,6.2,33.6,8.5,"3,613.5",41.6,284.6,11.0,13.2,11.5,"1,431.7",37.7,165.1,4.7,13.2,10.5,"2,069.0"
20190114,903.0,189.8,5.6,33.6,11.7,"3,700.1",30.6,253.8,10.4,11.3,10.7,"1,277.3",32.4,141.0,5.1,13.1,4.8,"1,964.1"
20190111,807.6,186.8,5.6,32.4,10.1,"3,452.4",34.8,247.9,10.3,12.1,11.9,"1,334.0",36.0,154.1,2.3,13.7,7.5,"2,074.4"
20190110,919.0,195.7,6.1,33.6,8.3,"3,744.0",44.6,309.8,11.1,13.5,16.4,"1,629.2",41.3,169.0,2.1,14.5,8.4,"2,190.1"
20190109,948.3,228.0,6.9,39.2,11.2,"4,095.6",46.4,364.0,12.8,14.8,22.9,"1,740.0",46.1,195.4,2.6,17.0,9.4,"2,434.5"
20190108,"1,015.0",232.7,6.7,37.9,8.8,"4,121.5",44.7,302.6,16.8,13.8,16.3,"1,661.0",47.5,182.0,3.0,16.6,7.8,"2,407.6"
20190107,"1,020.5",223.0,6.9,40.9,10.0,"4,136.2",44.0,311.2,12.3,13.2,20.0,"1,608.1",46.9,193.9,3.7,16.8,8.7,"2,524.8"
20190104,"1,118.3",228.6,7.2,40.7,24.3,"4,248.1",57.1,436.7,12.1,17.7,21.8,"2,004.1",46.4,202.5,6.4,18.0,12.9,"2,600.0"
20190103,964.2,217.6,6.8,38.1,7.5,"3,865.0",53.6,371.2,10.4,19.6,16.1,"1,760.4",49.2,219.6,4.7,18.1,9.0,"2,633.4"
20190102,991.7,209.4,6.4,38.5,11.3,"3,779.3",50.4,390.4,13.4,16.0,18.4,"1,868.5",42.0,181.7,17.4,16.4,7.0,"2,295.2"
